START TRANSACTION;

-- Item pockets/markets
CREATE TABLE IF NOT EXISTS `item_pockets` (
 `id` int(2) unsigned NOT NULL AUTO_INCREMENT PRIMARY KEY COMMENT 'Item pocket ID (Primary key)'
) ENGINE=InnoDB DEFAULT CHARSET=utf8 AUTO_INCREMENT=1;
INSERT INTO `item_pockets` (`id`) VALUES (1), (2), (3), (4), (5), (6), (7), (8);

CREATE TABLE IF NOT EXISTS `item_pockets_translation` (
 `languages_id` char(2) NOT NULL COMMENT 'Language ID (Foreign)',
 `item_pockets_id` int(2) unsigned NOT NULL COMMENT 'Items pocket ID (Foreign)',
 `name` varchar(255) NOT NULL COMMENT 'Name of the item pocket',
 CONSTRAINT FK_ITEM_POCKETS FOREIGN KEY (item_pockets_id) REFERENCES item_pockets(id) ON DELETE CASCADE ON UPDATE CASCADE,
 CONSTRAINT FK_ITEM_POCKETS_LANGUAGE FOREIGN KEY (languages_id) REFERENCES languages(id) ON DELETE CASCADE ON UPDATE CASCADE,
 PRIMARY KEY (languages_id, item_pockets_id)
) ENGINE=InnoDB DEFAULT CHARSET=utf8 AUTO_INCREMENT=1;

INSERT INTO `item_pockets_translation` (`item_pockets_id`, `languages_id`, `name`) VALUES
(1, 'EN', 'Items'),
(1, 'FR', 'Objets'),
(2, 'EN', 'Medicine'),
(2, 'FR', 'Médicaments'),
(3, 'EN', 'Pokeballs'),
(3, 'FR', 'Pokéballs'),
(4, 'EN', 'TMs and HMs'),
(4, 'FR', 'CT et CS'),
(5, 'EN', 'Berries'),
(5, 'FR', 'Baies'),
(6, 'EN', 'Mail'),
(6, 'FR', 'Courrier'),
(7, 'EN', 'In battle'),
(7, 'FR', 'En combat'),
(8, 'EN', 'Events'),
(8, 'FR', 'Evénements');

-- Item categories
CREATE TABLE IF NOT EXISTS `item_categories` (
 `id` int(2) unsigned NOT NULL AUTO_INCREMENT PRIMARY KEY COMMENT 'Item category ID (Primary key)',
 `pocket_id` int(2) unsigned NOT NULL COMMENT 'Item pocket ID (Foreign)',
 CONSTRAINT FK_POCKET_FOR_ITEMS FOREIGN KEY (pocket_id) REFERENCES item_pockets(id) ON DELETE CASCADE ON UPDATE CASCADE
) ENGINE=InnoDB DEFAULT CHARSET=utf8 AUTO_INCREMENT=1;

CREATE TABLE IF NOT EXISTS `item_categories_translation` (
 `languages_id` char(2) NOT NULL COMMENT 'Language ID (Foreign)',
 `item_categories_id` int(2) unsigned NOT NULL COMMENT 'Items category ID (Foreign)',
 `name` varchar(255) NOT NULL COMMENT 'Name of the item category',
 CONSTRAINT FK_ITEM_CATEGORIES FOREIGN KEY (item_categories_id) REFERENCES item_categories(id) ON DELETE CASCADE ON UPDATE CASCADE,
 CONSTRAINT FK_ITEM_CATEGORIES_LANGUAGE FOREIGN KEY (languages_id) REFERENCES languages(id) ON DELETE CASCADE ON UPDATE CASCADE,
 PRIMARY KEY (languages_id, item_categories_id)
) ENGINE=InnoDB DEFAULT CHARSET=utf8 AUTO_INCREMENT=1;

INSERT INTO `item_categories` VALUES (1,7), (2,5), (3,5), (4,5), (5,5), (6,5), (7,5), (8,5), (9,1), (10,1), (11,1), (12,1), (13,1), (14,1), (15,1), (16,1), (17,1), (18,1), (19,1), (20,8), (21,8), (22,8), (23,8), (24,1), (25,6), (26,2), (27,2), (28,2), (29,2), (30,2), (32,1), (33,3), (34,3), (35,1), (36,1), (37,4), (38,7), (39,3), (40,8), (41,8), (42,1), (43,7), (44,1);

INSERT INTO `item_categories_translation` (`item_categories_id`, `languages_id`, `name`) VALUES
 (1, 'EN', 'Stat boosts'),
 (2, 'EN', 'Effort drop'),
 (3, 'EN', 'Medicine'),
 (4, 'EN', 'Other'),
 (5, 'EN', 'In a pinch'),
 (6, 'EN', 'Picky healing'),
 (7, 'EN', 'Type protection'),
 (8, 'EN', 'Baking only'),
 (9, 'EN', 'Collectibles'),
 (10, 'EN', 'Evolution'),
 (11, 'EN', 'Spelunking'),
 (12, 'EN', 'Held items'),
 (13, 'EN', 'Choice'),
 (14, 'EN', 'Effort training'),
 (15, 'EN', 'Bad held items'),
 (16, 'EN', 'Training'),
 (17, 'EN', 'Plates'),
 (18, 'EN', 'Species-specific'),
 (19, 'EN', 'Type enhancement'),
 (20, 'EN', 'Event items'),
 (21, 'EN', 'Gameplay'),
 (22, 'EN', 'Plot advancement'),
 (23, 'EN', 'Unused'),
 (24, 'EN', 'Loot'),
 (25, 'EN', 'All mail'),
 (26, 'EN', 'Vitamins'),
 (27, 'EN', 'Healing'),
 (28, 'EN', 'PP recovery'),
 (29, 'EN', 'Revival'),
 (30, 'EN', 'Status cures'),
 (32, 'EN', 'Mulch'),
 (33, 'EN', 'Special balls'),
 (34, 'EN', 'Standard balls'),
 (35, 'EN', 'Dex completion'),
 (36, 'EN', 'Scarves'),
 (37, 'EN', 'All machines'),
 (38, 'EN', 'Flutes'),
 (39, 'EN', 'Apricorn balls'),
 (40, 'EN', 'Apricorn Box'),
 (41, 'EN', 'Data Cards'),
 (42, 'EN', 'Jewels'),
 (43, 'EN', 'Miracle Shooter'),
 (44, 'EN', 'Mega Stones'),
 (1, 'FR', 'Boosteur de stats'),
 (2, 'FR', 'Baisse d\'effort'),
 (3, 'FR', 'Médicament'),
 (4, 'FR', 'Autre'),
 (5, 'FR', 'In a pinch'),
 (6, 'FR', 'Guérison utilisable'),
 (7, 'FR', 'Protection de type'),
 (8, 'FR', 'Cuisson uniquement'),
 (9, 'FR', 'Collection'),
 (10, 'FR', 'Evolution'),
 (11, 'FR', 'Spéléologie'),
 (12, 'FR', 'Objets tenus'),
 (13, 'FR', 'Choix'),
 (14, 'FR', 'Aide à l\'entraînement'),
 (15, 'FR', 'Objets mal tenus'),
 (16, 'FR', 'Entraînement'),
 (17, 'FR', 'Plaques'),
 (18, 'FR', 'Spécifique à une espèce'),
 (19, 'FR', 'Amélioration d\'un type'),
 (20, 'FR', 'Objets d\'évènement'),
 (21, 'FR', 'Gameplay'),
 (22, 'FR', 'Progression du terrain'),
 (23, 'FR', 'Inutilisé'),
 (24, 'FR', 'Butin'),
 (25, 'FR', 'Courrier'),
 (26, 'FR', 'Vitamines'),
 (27, 'FR', 'Guérison'),
 (28, 'FR', 'Récupération de PP'),
 (29, 'FR', 'Résuréction'),
 (30, 'FR', 'Guérison de statut'),
 (32, 'FR', 'Paillis'),
 (33, 'FR', 'Pokeballs spéciales'),
 (34, 'FR', 'Pokeballs standard'),
 (35, 'FR', 'Ajout de pokemons au Pokedex'),
 (36, 'FR', 'Écharpes'),
 (37, 'FR', 'Tous les CT/CS'),
 (38, 'FR', 'Flutes'),
 (39, 'FR', 'Boules d\'Apicorne'),
 (40, 'FR', 'Boîte d\'Apicorne'),
 (41, 'FR', 'Cartes de données'),
 (42, 'FR', 'Bijoux'),
 (43, 'FR', 'Attaque Miracle'),
 (44, 'FR', 'Pierre Méga');

-- Items
CREATE TABLE IF NOT EXISTS `items` (
 `id` int(4) unsigned NOT NULL AUTO_INCREMENT PRIMARY KEY COMMENT 'Item ID (Primary key)',
 `category_id` int(2) unsigned NOT NULL COMMENT 'Item category ID (Foreign)',
 `dollar_price` int(11) unsigned NOT NULL COMMENT 'Base price (in dollars)',
 `gold_price` int(11) unsigned NOT NULL COMMENT 'Base price (in golds)',
 CONSTRAINT FK_CATEGORY_FOR_ITEMS FOREIGN KEY (category_id) REFERENCES item_categories(id) ON DELETE CASCADE ON UPDATE CASCADE
) ENGINE=InnoDB DEFAULT CHARSET=utf8 AUTO_INCREMENT=1;

INSERT INTO `items` (`id`, `category_id`, `dollar_price`, `gold_price`) VALUES
 -- TODO: Improve prices (both)
 (1, 34, 0, 0),
 (2, 34, 1200, 0),
 (3, 34, 600, 0),
 (4, 34, 200, 0),
 (5, 34, 0, 0),
 (6, 33, 1000, 0),
 (7, 33, 1000, 0),
 (8, 33, 1000, 0),
 (9, 33, 1000, 0),
 (10, 33, 1000, 0),
 (11, 33, 1000, 0),
 (12, 33, 200, 0),
 (13, 33, 1000, 0),
 (14, 33, 300, 0),
 (15, 33, 1000, 0),
 (16, 33, 200, 0),
 (17, 27, 300, 0),
 (18, 30, 100, 0),
 (19, 30, 250, 0),
 (20, 30, 250, 0),
 (21, 30, 250, 0),
 (22, 30, 200, 0),
 (23, 27, 3000, 0),
 (24, 27, 2500, 0),
 (25, 27, 1200, 0),
 (26, 27, 700, 0),
 (27, 30, 600, 0),
 (28, 29, 1500, 0),
 (29, 29, 4000, 0),
 (30, 27, 200, 0),
 (31, 27, 300, 0),
 (32, 27, 350, 0),
 (33, 27, 500, 0),
 (34, 27, 500, 0),
 (35, 27, 800, 0),
 (36, 30, 450, 0),
 (37, 29, 2800, 0),
 (38, 28, 1200, 0),
 (39, 28, 2000, 0),
 (40, 28, 3000, 0),
 (41, 28, 4500, 0),
 (42, 30, 200, 0),
 (43, 27, 100, 0),
 (44, 29, 200, 0),
 (45, 26, 9800, 0),
 (46, 26, 9800, 0),
 (47, 26, 9800, 0),
 (48, 26, 9800, 0),
 (49, 26, 9800, 0),
 (50, 26, 4800, 0),
 (51, 26, 9800, 0),
 (52, 26, 9800, 0),
 (53, 26, 9800, 0),
 (54, 30, 200, 0),
 (55, 1, 700, 0),
 (56, 1, 650, 0),
 (57, 1, 500, 0),
 (58, 1, 550, 0),
 (59, 1, 350, 0),
 (60, 1, 950, 0),
 (61, 1, 350, 0),
 (62, 1, 350, 0),
 (63, 11, 1000, 0),
 (64, 11, 1000, 0),
 (65, 38, 100, 0),
 (66, 38, 200, 0),
 (67, 38, 300, 0),
 (68, 11, 400, 0),
 (69, 11, 500, 0),
 (70, 9, 20, 0),
 (71, 9, 20, 0),
 (72, 9, 200, 0),
 (73, 9, 200, 0),
 (74, 9, 200, 0),
 (75, 9, 200, 0),
 (76, 11, 500, 0),
 (77, 11, 700, 0),
 (78, 11, 550, 0),
 (79, 11, 350, 0),
 (80, 10, 2100, 0),
 (81, 10, 2100, 0),
 (82, 10, 2100, 0),
 (83, 10, 2100, 0),
 (84, 10, 2100, 0),
 (85, 10, 2100, 0),
 (86, 24, 500, 0),
 (87, 24, 5000, 0),
 (88, 24, 1400, 0),
 (89, 24, 7500, 0),
 (90, 24, 2000, 0),
 (91, 24, 9800, 0),
 (92, 24, 10000, 0),
 (93, 9, 100, 0),
 (94, 35, 100, 0),
 (95, 32, 200, 0),
 (96, 32, 200, 0),
 (97, 32, 200, 0),
 (98, 32, 200, 0),
 (99, 35, 1000, 0),
 (100, 35, 1000, 0),
 (101, 35, 1000, 0),
 (102, 35, 1000, 0),
 (103, 35, 1000, 0),
 (104, 35, 1000, 0),
 (105, 35, 1000, 0),
 (106, 24, 10000, 0),
 (107, 10, 2100, 0),
 (108, 10, 2100, 0),
 (109, 10, 2100, 0),
 (110, 10, 2100, 0),
 (111, 35, 2100, 0),
 (112, 18, 10000, 0),
 (113, 18, 10000, 0),
 (114, 25, 50, 0),
 (115, 25, 50, 0),
 (116, 25, 50, 0),
 (117, 25, 50, 0),
 (118, 25, 50, 0),
 (119, 25, 50, 0),
 (120, 25, 50, 0),
 (121, 25, 50, 0),
 (122, 25, 50, 0),
 (123, 25, 50, 0),
 (124, 25, 50, 0),
 (125, 25, 50, 0),
 (126, 3, 20, 0),
 (127, 3, 20, 0),
 (128, 3, 20, 0),
 (129, 3, 20, 0),
 (130, 3, 20, 0),
 (131, 3, 20, 0),
 (132, 3, 20, 0),
 (133, 3, 20, 0),
 (134, 3, 20, 0),
 (135, 3, 20, 0),
 (136, 6, 20, 0),
 (137, 6, 20, 0),
 (138, 6, 20, 0),
 (139, 6, 20, 0),
 (140, 6, 20, 0),
 (141, 8, 20, 0),
 (142, 8, 20, 0),
 (143, 8, 20, 0),
 (144, 8, 20, 0),
 (145, 8, 20, 0),
 (146, 2, 20, 0),
 (147, 2, 20, 0),
 (148, 2, 20, 0),
 (149, 2, 20, 0),
 (150, 2, 20, 0),
 (151, 2, 20, 0),
 (152, 8, 20, 0),
 (153, 8, 20, 0),
 (154, 8, 20, 0),
 (155, 8, 20, 0),
 (156, 8, 20, 0),
 (157, 8, 20, 0),
 (158, 8, 20, 0),
 (159, 8, 20, 0),
 (160, 8, 20, 0),
 (161, 7, 20, 0),
 (162, 7, 20, 0),
 (163, 7, 20, 0),
 (164, 7, 20, 0),
 (165, 7, 20, 0),
 (166, 7, 20, 0),
 (167, 7, 20, 0),
 (168, 7, 20, 0),
 (169, 7, 20, 0),
 (170, 7, 20, 0),
 (171, 7, 20, 0),
 (172, 7, 20, 0),
 (173, 7, 20, 0),
 (174, 7, 20, 0),
 (175, 7, 20, 0),
 (176, 7, 20, 0),
 (177, 7, 20, 0),
 (178, 5, 20, 0),
 (179, 5, 20, 0),
 (180, 5, 20, 0),
 (181, 5, 20, 0),
 (182, 5, 20, 0),
 (183, 5, 20, 0),
 (184, 5, 20, 0),
 (185, 4, 20, 0),
 (186, 5, 20, 0),
 (187, 5, 20, 0),
 (188, 4, 20, 0),
 (189, 4, 20, 0),
 (190, 12, 10, 0),
 (191, 12, 100, 0),
 (192, 14, 3000, 0),
 (193, 16, 3000, 0),
 (194, 12, 100, 0),
 (195, 16, 100, 0),
 (196, 12, 100, 0),
 (197, 13, 100, 0),
 (198, 12, 100, 0),
 (199, 19, 100, 0),
 (200, 16, 100, 0),
 (201, 16, 200, 0),
 (202, 18, 200, 0),
 (203, 18, 200, 0),
 (204, 18, 200, 0),
 (205, 12, 200, 0),
 (206, 16, 200, 0),
 (207, 12, 200, 0),
 (208, 16, 200, 0),
 (209, 12, 200, 0),
 (210, 19, 100, 0),
 (211, 12, 200, 0),
 (212, 10, 2100, 0),
 (213, 18, 100, 0),
 (214, 19, 100, 0),
 (215, 19, 100, 0),
 (216, 19, 100, 0),
 (217, 19, 100, 0),
 (218, 19, 100, 0),
 (219, 19, 100, 0),
 (220, 19, 100, 0),
 (221, 19, 100, 0),
 (222, 19, 100, 0),
 (223, 19, 100, 0),
 (224, 19, 100, 0),
 (225, 19, 100, 0),
 (226, 19, 9800, 0),
 (227, 19, 100, 0),
 (228, 19, 100, 0),
 (229, 10, 2100, 0),
 (230, 12, 200, 0),
 (231, 19, 9600, 0),
 (232, 12, 9600, 0),
 (233, 18, 10, 0),
 (234, 18, 10, 0),
 (235, 18, 500, 0),
 (236, 18, 200, 0),
 (237, 36, 100, 0),
 (238, 36, 100, 0),
 (239, 36, 100, 0),
 (240, 36, 100, 0),
 (241, 36, 100, 0),
 (242, 12, 200, 0),
 (243, 12, 200, 0),
 (244, 12, 200, 0),
 (245, 12, 200, 0),
 (246, 12, 200, 0),
 (247, 12, 200, 0),
 (248, 12, 100, 0),
 (249, 15, 100, 0),
 (250, 15, 100, 0),
 (251, 18, 10, 0),
 (252, 12, 200, 0),
 (253, 12, 200, 0),
 (254, 12, 200, 0),
 (255, 15, 200, 0),
 (256, 15, 200, 0),
 (257, 12, 200, 0),
 (258, 12, 200, 0),
 (259, 12, 200, 0),
 (260, 12, 200, 0),
 (261, 12, 200, 0),
 (262, 12, 200, 0),
 (263, 12, 200, 0),
 (264, 13, 200, 0),
 (265, 15, 200, 0),
 (266, 14, 3000, 0),
 (267, 14, 3000, 0),
 (268, 14, 3000, 0),
 (269, 14, 3000, 0),
 (270, 14, 3000, 0),
 (271, 14, 3000, 0),
 (272, 12, 100, 0),
 (273, 12, 200, 0),
 (274, 13, 200, 0),
 (275, 17, 1000, 0),
 (276, 17, 1000, 0),
 (277, 17, 1000, 0),
 (278, 17, 1000, 0),
 (279, 17, 1000, 0),
 (280, 17, 1000, 0),
 (281, 17, 1000, 0),
 (282, 17, 1000, 0),
 (283, 17, 1000, 0),
 (284, 17, 1000, 0),
 (285, 17, 1000, 0),
 (286, 17, 1000, 0),
 (287, 17, 1000, 0),
 (288, 17, 1000, 0),
 (289, 17, 1000, 0),
 (290, 17, 1000, 0),
 (291, 19, 9600, 0),
 (292, 19, 9600, 0),
 (293, 15, 9600, 0),
 (294, 19, 9600, 0),
 (295, 19, 9600, 0),
 (296, 16, 9600, 0),
 (297, 16, 9600, 0),
 (298, 10, 2100, 0),
 (299, 10, 2100, 0),
 (300, 10, 2100, 0),
 (301, 10, 2100, 0),
 (302, 10, 2100, 0),
 (303, 12, 2100, 0),
 (304, 12, 2100, 0),
 (305, 37, 3000, 0),
 (306, 37, 3000, 0),
 (307, 37, 3000, 0),
 (308, 37, 1500, 0),
 (309, 37, 1000, 0),
 (310, 37, 3000, 0),
 (311, 37, 2000, 0),
 (312, 37, 1500, 0),
 (313, 37, 2000, 0),
 (314, 37, 2000, 0),
 (315, 37, 2000, 0),
 (316, 37, 1500, 0),
 (317, 37, 3000, 0),
 (318, 37, 5500, 0),
 (319, 37, 7500, 0),
 (320, 37, 2000, 0),
 (321, 37, 2000, 0),
 (322, 37, 2000, 0),
 (323, 37, 3000, 0),
 (324, 37, 2000, 0),
 (325, 37, 1000, 0),
 (326, 37, 3000, 0),
 (327, 37, 3000, 0),
 (328, 37, 3000, 0),
 (329, 37, 5500, 0),
 (330, 37, 3000, 0),
 (331, 37, 1000, 0),
 (332, 37, 2000, 0),
 (333, 37, 3000, 0),
 (334, 37, 3000, 0),
 (335, 37, 3000, 0),
 (336, 37, 1000, 0),
 (337, 37, 2000, 0),
 (338, 37, 3000, 0),
 (339, 37, 3000, 0),
 (340, 37, 3000, 0),
 (341, 37, 2000, 0),
 (342, 37, 5500, 0),
 (343, 37, 2000, 0),
 (344, 37, 3000, 0),
 (345, 37, 1500, 0),
 (346, 37, 3000, 0),
 (347, 37, 2000, 0),
 (348, 37, 3000, 0),
 (349, 37, 3000, 0),
 (350, 37, 2000, 0),
 (351, 37, 3000, 0),
 (352, 37, 3000, 0),
 (353, 37, 1500, 0),
 (354, 37, 5500, 0),
 (355, 37, 2000, 0),
 (356, 37, 5500, 0),
 (357, 37, 3000, 0),
 (358, 37, 2000, 0),
 (359, 37, 3000, 0),
 (360, 37, 2000, 0),
 (361, 37, 3000, 0),
 (362, 37, 2000, 0),
 (363, 37, 3000, 0),
 (364, 37, 3000, 0),
 (365, 37, 2000, 0),
 (366, 37, 3000, 0),
 (367, 37, 2000, 0),
 (368, 37, 7500, 0),
 (369, 37, 3000, 0),
 (370, 37, 3000, 0),
 (371, 37, 1000, 0),
 (372, 37, 7500, 0),
 (373, 37, 1500, 0),
 (374, 37, 1000, 0),
 (375, 37, 3000, 0),
 (376, 37, 3000, 0),
 (377, 37, 2000, 0),
 (378, 37, 3000, 0),
 (379, 37, 1500, 0),
 (380, 37, 2000, 0),
 (381, 37, 1500, 0),
 (382, 37, 1500, 0),
 (383, 37, 3000, 0),
 (384, 37, 3000, 0),
 (385, 37, 3000, 0),
 (386, 37, 1000, 0),
 (387, 37, 2000, 0),
 (388, 37, 3000, 0),
 (389, 37, 3000, 0),
 (390, 37, 3000, 0),
 (391, 37, 1500, 0),
 (392, 37, 3000, 0),
 (393, 37, 3000, 0),
 (394, 37, 2000, 0),
 (395, 37, 3000, 0),
 (396, 37, 5500, 0),
 (397, 37, 0, 0),
 (398, 37, 0, 0),
 (399, 37, 0, 0),
 (400, 37, 0, 0),
 (401, 37, 0, 0),
 (402, 37, 0, 0),
 (403, 37, 0, 0),
 (404, 37, 0, 0),
 (405, 21, 0, 0),
 (406, 23, 0, 0),
 (407, 23, 0, 0),
 (408, 21, 0, 0),
 (409, 21, 0, 0),
 (410, 21, 0, 0),
 (411, 21, 0, 0),
 (412, 21, 0, 0),
 (413, 23, 0, 0),
 (414, 21, 0, 0),
 (415, 22, 0, 0),
 (416, 22, 0, 0),
 (417, 22, 0, 0),
 (418, 23, 0, 0),
 (419, 21, 0, 0),
 (420, 21, 0, 0),
 (421, 21, 0, 0),
 (422, 21, 0, 0),
 (423, 21, 0, 0),
 (424, 21, 0, 0),
 (425, 21, 0, 0),
 (426, 21, 0, 0),
 (427, 21, 0, 0),
 (428, 20, 0, 0),
 (429, 20, 0, 0),
 (430, 20, 0, 0),
 (431, 20, 0, 0),
 (432, 20, 0, 0),
 (433, 22, 0, 0),
 (434, 21, 0, 0),
 (435, 22, 0, 0),
 (436, 22, 0, 0),
 (437, 22, 0, 0),
 (438, 22, 0, 0),
 (439, 22, 0, 0),
 (440, 22, 0, 0),
 (441, 22, 0, 0),
 (442, 18, 10000, 0),
 (443, 21, 0, 0),
 (444, 20, 0, 0),
 (445, 20, 0, 0),
 (446, 21, 0, 0),
 (447, 21, 0, 0),
 (448, 22, 0, 0),
 (449, 39, 300, 0),
 (450, 39, 300, 0),
 (451, 39, 300, 0),
 (452, 39, 300, 0),
 (453, 39, 300, 0),
 (454, 39, 300, 0),
 (455, 39, 300, 0),
 (456, 34, 0, 0),
 (457, 34, 0, 0),
 (458, 40, 0, 0),
 (459, 40, 0, 0),
 (460, 40, 0, 0),
 (461, 40, 0, 0),
 (462, 40, 0, 0),
 (463, 40, 0, 0),
 (464, 40, 0, 0),
 (465, 21, 0, 0),
 (466, 21, 0, 0),
 (467, 22, 0, 0),
 (468, 22, 0, 0),
 (469, 22, 0, 0),
 (470, 20, 0, 0),
 (471, 21, 0, 0),
 (472, 21, 0, 0),
 (473, 23, 0, 0),
 (474, 22, 0, 0),
 (475, 22, 0, 0),
 (476, 22, 0, 0),
 (477, 22, 0, 0),
 (478, 22, 0, 0),
 (479, 22, 0, 0),
 (480, 22, 0, 0),
 (481, 22, 0, 0),
 (482, 22, 0, 0),
 (483, 22, 0, 0),
 (484, 21, 0, 0),
 (485, 22, 0, 0),
 (486, 41, 0, 0),
 (487, 41, 0, 0),
 (488, 41, 0, 0),
 (489, 41, 0, 0),
 (490, 41, 0, 0),
 (491, 41, 0, 0),
 (492, 41, 0, 0),
 (493, 41, 0, 0),
 (494, 41, 0, 0),
 (495, 41, 0, 0),
 (496, 41, 0, 0),
 (497, 41, 0, 0),
 (498, 41, 0, 0),
 (499, 41, 0, 0),
 (500, 41, 0, 0),
 (501, 41, 0, 0),
 (502, 41, 0, 0),
 (503, 41, 0, 0),
 (504, 41, 0, 0),
 (505, 41, 0, 0),
 (506, 41, 0, 0),
 (507, 41, 0, 0),
 (508, 41, 0, 0),
 (509, 41, 0, 0),
 (510, 41, 0, 0),
 (511, 41, 0, 0),
 (512, 41, 0, 0),
 (513, 23, 0, 0),
 (514, 23, 0, 0),
 (515, 25, 50, 0),
 (516, 25, 50, 0),
 (517, 25, 50, 0),
 (518, 25, 50, 0),
 (519, 25, 50, 0),
 (520, 25, 50, 0),
 (521, 25, 50, 0),
 (522, 25, 50, 0),
 (523, 25, 50, 0),
 (524, 25, 50, 0),
 (525, 25, 50, 0),
 (526, 25, 0, 0),
 (527, 21, 0, 0),
 (528, 21, 0, 0),
 (529, 21, 0, 0),
 (530, 22, 0, 0),
 (531, 21, 0, 0),
 (532, 21, 0, 0),
 (533, 22, 0, 0),
 (534, 20, 0, 0),
 (535, 22, 0, 0),
 (536, 21, 0, 0),
 (537, 22, 0, 0),
 (538, 22, 0, 0),
 (539, 22, 0, 0),
 (540, 22, 0, 0),
 (541, 22, 0, 0),
 (542, 21, 0, 0),
 (543, 22, 0, 0),
 (544, 22, 0, 0),
 (545, 22, 0, 0),
 (546, 22, 0, 0),
 (547, 22, 0, 0),
 (548, 22, 0, 0),
 (549, 21, 0, 0),
 (550, 21, 0, 0),
 (551, 21, 0, 0),
 (552, 21, 0, 0),
 (553, 22, 0, 0),
 (554, 22, 0, 0),
 (555, 22, 0, 0),
 (556, 20, 0, 0),
 (557, 20, 0, 0),
 (558, 21, 0, 0),
 (559, 22, 0, 0),
 (560, 22, 0, 0),
 (561, 22, 0, 0),
 (562, 20, 0, 0),
 (563, 18, 1000, 0),
 (564, 18, 1000, 0),
 (565, 18, 1000, 0),
 (566, 18, 1000, 0),
 (567, 27, 100, 0),
 (568, 25, 50, 0),
 (569, 25, 50, 0),
 (570, 25, 50, 0),
 (571, 25, 50, 0),
 (572, 25, 50, 0),
 (573, 25, 50, 0),
 (574, 25, 50, 0),
 (575, 25, 50, 0),
 (576, 25, 50, 0),
 (577, 25, 50, 0),
 (578, 25, 50, 0),
 (579, 25, 50, 0),
 (580, 10, 500, 0),
 (581, 12, 200, 0),
 (582, 12, 200, 0),
 (583, 12, 200, 0),
 (584, 12, 200, 0),
 (585, 12, 200, 0),
 (586, 12, 200, 0),
 (587, 12, 200, 0),
 (588, 12, 200, 0),
 (589, 12, 200, 0),
 (590, 12, 200, 0),
 (591, 42, 200, 0),
 (592, 42, 200, 0),
 (593, 42, 200, 0),
 (594, 42, 200, 0),
 (595, 42, 200, 0),
 (596, 42, 200, 0),
 (597, 42, 200, 0),
 (598, 42, 200, 0),
 (599, 42, 200, 0),
 (600, 42, 200, 0),
 (601, 42, 200, 0),
 (602, 42, 200, 0),
 (603, 42, 200, 0),
 (604, 42, 200, 0),
 (605, 42, 200, 0),
 (606, 26, 3000, 0),
 (607, 26, 3000, 0),
 (608, 26, 3000, 0),
 (609, 26, 3000, 0),
 (610, 26, 3000, 0),
 (611, 26, 3000, 0),
 (612, 24, 200, 0),
 (613, 35, 1000, 0),
 (614, 35, 1000, 0),
 (615, 20, 0, 0),
 (616, 12, 200, 0),
 (617, 33, 0, 0),
 (618, 11, 1000, 0),
 (619, 21, 0, 0),
 (620, 22, 0, 0),
 (621, 24, 0, 0),
 (622, 24, 0, 0),
 (623, 24, 0, 0),
 (624, 24, 0, 0),
 (625, 24, 0, 0),
 (626, 24, 0, 0),
 (627, 24, 0, 0),
 (628, 24, 0, 0),
 (629, 24, 0, 0),
 (630, 24, 0, 0),
 (631, 24, 0, 0),
 (632, 30, 100, 0),
 (633, 43, 0, 0),
 (634, 43, 0, 0),
 (635, 43, 0, 0),
 (636, 43, 0, 0),
 (637, 43, 0, 0),
 (638, 43, 0, 0),
 (639, 43, 0, 0),
 (640, 43, 0, 0),
 (641, 43, 0, 0),
 (642, 43, 0, 0),
 (643, 43, 0, 0),
 (644, 43, 0, 0),
 (645, 43, 0, 0),
 (646, 43, 0, 0),
 (647, 43, 0, 0),
 (648, 43, 0, 0),
 (649, 43, 0, 0),
 (650, 43, 0, 0),
 (651, 43, 0, 0),
 (652, 43, 0, 0),
 (653, 43, 0, 0),
 (654, 43, 0, 0),
 (655, 43, 0, 0),
 (656, 43, 0, 0),
 (657, 22, 0, 0),
 (658, 22, 0, 0),
 (659, 37, 10000, 0),
 (660, 37, 10000, 0),
 (661, 37, 10000, 0),
 (662, 21, 0, 0),
 (663, 23, 0, 0),
 (664, 22, 0, 0),
 (665, 22, 0, 0),
 (666, 22, 0, 0),
 (668, 42, 200, 0),
 (669, 42, 200, 0),
 (670, 21, 0, 0),
 (671, 21, 0, 0),
 (673, 21, 0, 0),
 (674, 21, 0, 0),
 (675, 21, 0, 0),
 (676, 22, 0, 0),
 (677, 22, 0, 0),
 (678, 22, 0, 0),
 (679, 22, 0, 0),
 (681, 21, 0, 0),
 (682, 12, 0, 0),
 (683, 12, 0, 0),
 (684, 17, 0, 0),
 (685, 26, 0, 0),
 (686, 10, 0, 0),
 (687, 10, 0, 0),
 (688, 12, 0, 0),
 (689, 12, 0, 0),
 (690, 12, 0, 0),
 (691, 32, 0, 0),
 (692, 32, 0, 0),
 (693, 32, 0, 0),
 (694, 32, 0, 0),
 (695, 44, 0, 0),
 (696, 44, 0, 0),
 (697, 44, 0, 0),
 (698, 44, 0, 0),
 (699, 44, 0, 0),
 (700, 44, 0, 0),
 (701, 44, 0, 0),
 (702, 44, 0, 0),
 (703, 44, 0, 0),
 (704, 44, 0, 0),
 (705, 44, 0, 0),
 (706, 44, 0, 0),
 (707, 44, 0, 0),
 (708, 44, 0, 0),
 (709, 44, 0, 0),
 (710, 44, 0, 0),
 (711, 44, 0, 0),
 (712, 44, 0, 0),
 (713, 44, 0, 0),
 (714, 44, 0, 0),
 (715, 44, 0, 0),
 (716, 44, 0, 0),
 (717, 44, 0, 0),
 (718, 44, 0, 0),
 (719, 44, 0, 0),
 (720, 44, 0, 0),
 (721, 44, 0, 0),
 (722, 44, 0, 0),
 (723, 7, 0, 0),
 (724, 4, 0, 0),
 (725, 4, 0, 0),
 (726, 4, 0, 0),
 (727, 4, 0, 0),
 (728, 30, 0, 0),
 (729, 35, 0, 0),
 (730, 35, 0, 0),
 (731, 42, 0, 0),
 (732, 21, 0, 0),
 (733, 22, 0, 0),
 (734, 21, 0, 0),
 (735, 22, 0, 0),
 (736, 22, 0, 0),
 (737, 21, 0, 0),
 (738, 22, 0, 0),
 (739, 21, 0, 0),
 (740, 22, 0, 0),
 (741, 22, 0, 0),
 (742, 21, 0, 0),
 (743, 21, 0, 0),
 (744, 21, 0, 0),
 (745, 37, 0, 0),
 (746, 37, 0, 0),
 (747, 37, 0, 0),
 (748, 37, 0, 0),
 (749, 37, 0, 0);

CREATE TABLE IF NOT EXISTS `items_translation` (
 `items_id` int(4) unsigned NOT NULL COMMENT 'Items ID (Foreign)',
 `languages_id` char(2) NOT NULL COMMENT 'Language ID (Foreign)',
 `name` varchar(255) NOT NULL COMMENT 'Name of the item',
 `description` text NOT NULL COMMENT 'Description of the item',
 CONSTRAINT FK_ITEMS FOREIGN KEY (items_id) REFERENCES items(id) ON DELETE CASCADE ON UPDATE CASCADE,
 CONSTRAINT FK_ITEMS_LANGUAGE FOREIGN KEY (languages_id) REFERENCES languages(id) ON DELETE CASCADE ON UPDATE CASCADE,
 PRIMARY KEY (languages_id, items_id)
) ENGINE=InnoDB DEFAULT CHARSET=utf8 AUTO_INCREMENT=1;

INSERT INTO `items_translation` (`items_id`, `languages_id`, `name`, `description`) VALUES
-- TODO: Add French description + add missing items
(1, 'EN', 'Master Ball', 'Catches a wild Pokémon every time.'),
(2, 'EN', 'Ultra Ball', 'Tries to catch a wild Pokémon. Success rate is 2x.'),
(3, 'EN', 'Great Ball', 'Tries to catch a wild Pokémon. Success rate is 1.5x.'),
(4, 'EN', 'Poké Ball', 'Tries to catch a wild Pokémon.'),
(5, 'EN', 'Safari Ball', 'Tries to catch a wild Pokémon in the Great Marsh or Safari Zone. Success rate is 1.5x.'),
(6, 'EN', 'Net Ball', 'Tries to catch a wild Pokémon. Success rate is 3x for water and bug Pokémon.'),
(7, 'EN', 'Dive Ball', 'Tries to catch a wild Pokémon. Success rate is 3.5x when underwater, fishing, or surfing.'),
(8, 'EN', 'Nest Ball', 'Tries to catch a wild Pokémon. Success rate is 3.9x for level 1 Pokémon, and drops steadily to 1x at level 30.'),
(9, 'EN', 'Repeat Ball', 'Tries to catch a wild Pokémon. Success rate is 3x for previously-caught Pokémon.'),
(10, 'EN', 'Timer Ball', 'Tries to catch a wild Pokémon. Success rate increases by 0.1x (Gen V: 0.3x) every turn, to a max of 4x.'),
(11, 'EN', 'Luxury Ball', 'Tries to catch a wild Pokémon. Caught Pokémon start with 200 happiness.'),
(12, 'EN', 'Premier Ball', 'Tries to catch a wild Pokémon.'),
(13, 'EN', 'Dusk Ball', 'Tries to catch a wild Pokémon. Success rate is 3.5x at night and in caves.'),
(14, 'EN', 'Heal Ball', 'Tries to catch a wild Pokémon. Caught Pokémon are immediately healed.'),
(15, 'EN', 'Quick Ball', 'Tries to catch a wild Pokémon. Success rate is 4x (Gen V: 5x), but only on the first turn.'),
(16, 'EN', 'Cherish Ball', 'Tries to catch a wild Pokémon.'),
(17, 'EN', 'Potion', 'Restores 20 HP.'),
(18, 'EN', 'Antidote', 'Cures poison.'),
(19, 'EN', 'Burn Heal', 'Cures a burn.'),
(20, 'EN', 'Ice Heal', 'Cures freezing.'),
(21, 'EN', 'Awakening', 'Cures sleep.'),
(22, 'EN', 'Paralyze Heal', 'Cures paralysis.'),
(23, 'EN', 'Full Restore', 'Restores HP to full and cures any status ailment and confusion.'),
(24, 'EN', 'Max Potion', 'Restores HP to full.'),
(25, 'EN', 'Hyper Potion', 'Restores 200 HP.'),
(26, 'EN', 'Super Potion', 'Restores 50 HP.'),
(27, 'EN', 'Full Heal', 'Cures any status ailment and confusion.'),
(28, 'EN', 'Revive', 'Revives with half HP.'),
(29, 'EN', 'Max Revive', 'Revives with full HP.'),
(30, 'EN', 'Fresh Water', 'Restores 50 HP.'),
(31, 'EN', 'Soda Pop', 'Restores 60 HP.'),
(32, 'EN', 'Lemonade', 'Restores 80 HP.'),
(33, 'EN', 'Moomoo Milk', 'Restores 100 HP.'),
(34, 'EN', 'Energy Powder', 'Restores 50 HP, but lowers happiness.'),
(35, 'EN', 'Energy Root', 'Restores 200 HP, but lowers happiness.'),
(36, 'EN', 'Heal Powder', 'Cures any status ailment, but lowers happiness.'),
(37, 'EN', 'Revival Herb', 'Revives with full HP, but lowers happiness.'),
(38, 'EN', 'Ether', 'Restores 10 PP for one move.'),
(39, 'EN', 'Max Ether', 'Restores PP to full for one move.'),
(40, 'EN', 'Elixir', 'Restores 10 PP for each move.'),
(41, 'EN', 'Max Elixir', 'Restores PP to full for each move.'),
(42, 'EN', 'Lava Cookie', 'Cures any status ailment and confusion.'),
(43, 'EN', 'Berry Juice', 'Restores 20 HP.'),
(44, 'EN', 'Sacred Ash', 'Revives all fainted Pokémon with full HP.'),
(45, 'EN', 'HP Up', 'Raises HP effort and happiness.'),
(46, 'EN', 'Protein', 'Raises Attack effort and happiness.'),
(47, 'EN', 'Iron', 'Raises Defense effort and happiness.'),
(48, 'EN', 'Carbos', 'Raises Speed effort and happiness.'),
(49, 'EN', 'Calcium', 'Raises Special Attack effort and happiness.'),
(50, 'EN', 'Rare Candy', 'Causes a level-up and raises happiness.'),
(51, 'EN', 'PP Up', 'Raises a move''s max PP by 20%.'),
(52, 'EN', 'Zinc', 'Raises Special Defense and happiness.'),
(53, 'EN', 'PP Max', 'Raises a move''s max PP by 60%.'),
(54, 'EN', 'Old Gateau', 'Cures any status ailment and confusion.'),
(55, 'EN', 'Guard Spec.', 'Prevents stat changes in battle for five turns in battle. Raises happiness.'),
(56, 'EN', 'Dire Hit', 'Increases the chance of a critical hit in battle. Raises happiness.'),
(57, 'EN', 'X Attack', 'Raises Attack by one stage in battle. Raises happiness.'),
(58, 'EN', 'X Defense', 'Raises Defense by one stage in battle. Raises happiness.'),
(59, 'EN', 'X Speed', 'Raises Speed by one stage in battle. Raises happiness.'),
(60, 'EN', 'X Accuracy', 'Raises accuracy by one stage in battle. Raises happiness.'),
(61, 'EN', 'X Sp. Atk', 'Raises Special Attack by one stage in battle. Raises happiness.'),
(62, 'EN', 'X Sp. Def', 'Raises Special Defense by one stage in battle. Raises happiness.'),
(63, 'EN', 'Poké Doll', 'Ends a wild battle.'),
(64, 'EN', 'Fluffy Tail', 'Ends a wild battle.'),
(65, 'EN', 'Blue Flute', 'Cures sleep.'),
(66, 'EN', 'Yellow Flute', 'Cures confusion.'),
(67, 'EN', 'Red Flute', 'Cures attraction.'),
(68, 'EN', 'Black Flute', 'Halves the wild Pokémon encounter rate.'),
(69, 'EN', 'White Flute', 'Doubles the wild Pokémon encounter rate.'),
(70, 'EN', 'Shoal Salt', 'No effect. Gen III: Trade four and four Shoal Shells for a Shell Bell.'),
(71, 'EN', 'Shoal Shell', 'No effect. Gen III: Trade four and four Shoal Salts for a Shell Bell.'),
(72, 'EN', 'Red Shard', 'No effect. Can be traded for items or moves.'),
(73, 'EN', 'Blue Shard', 'No effect. Can be traded for items or moves.'),
(74, 'EN', 'Yellow Shard', 'No effect. Can be traded for items or moves.'),
(75, 'EN', 'Green Shard', 'No effect. Can be traded for items or moves.'),
(76, 'EN', 'Super Repel', 'For 200 steps, prevents wild encounters of level lower than your party''s lead Pokémon.'),
(77, 'EN', 'Max Repel', 'For 250 steps, prevents wild encounters of level lower than your party''s lead Pokémon.'),
(78, 'EN', 'Escape Rope', 'Transports user to the outside entrance of a cave.'),
(79, 'EN', 'Repel', 'For 100 steps, prevents wild encounters of level lower than your party''s lead Pokémon.'),
(80, 'EN', 'Sun Stone', 'Evolves a Cottonee into Whimsicott, a Gloom into Bellossom, a Petilil into Lilligant, or a Sunkern into Sunflora.'),
(81, 'EN', 'Moon Stone', 'Evolves a Clefairy into Clefable, a Jigglypuff into Wigglytuff, a Munna into Musharna, a Nidorina into Nidoqueen, a Nidorino into Nidoking, or a Skitty into Delcatty.'),
(82, 'EN', 'Fire Stone', 'Evolves an Eevee into Flareon, a Growlithe into Arcanine, a Pansear into Simisear, or a Vulpix into Ninetales.'),
(83, 'EN', 'Thunder Stone', 'Evolves an Eelektrik into Eelektross, an Eevee into Jolteon, or a Pikachu into Raichu.'),
(84, 'EN', 'Water Stone', 'Evolves an Eevee into Vaporeon, a Lombre into Ludicolo, a Panpour into Simipour, a Poliwhirl into Poliwrath, a Shellder into Cloyster, or a Staryu into Starmie.'),
(85, 'EN', 'Leaf Stone', 'Evolves an Exeggcute into Exeggutor, a Gloom into Vileplume, a Nuzleaf into Shiftry, a Pansage into Simisage, or a Weepinbell into Victreebel.'),
(86, 'EN', 'Tiny Mushroom', 'Fire Red and Leaf Green: Trade two for prior Level-up moves. Sell for 250 Pokédollars, or to Hungry Maid for 500 Pokédollars.'),
(87, 'EN', 'Big Mushroom', 'Fire Red and Leaf Green: Trade for prior Level-up moves. Sell for 2500 Pokédollars, or to Hungry Maid for 5000 Pokédollars.'),
(88, 'EN', 'Pearl', 'Sell for 700 Pokédollars, or to Ore Collector for 1400 Pokédollars.'),
(89, 'EN', 'Big Pearl', 'Sell for 3750 Pokédollars, or to Ore Collector for 7500 Pokédollars.'),
(90, 'EN', 'Stardust', 'Sell for 1000 Pokédollars, or to Ore Collector for 2000 Pokédollars.'),
(91, 'EN', 'Star Piece', 'Platinum: Trade for one of each color Shard. Black and White: Trade for PP Up. Sell for 4900 Pokédollars, or to Ore Collector for 9800 Pokédollars.'),
(92, 'EN', 'Nugget', 'Sell for 5000 Pokédollars, or to Ore Collector for 10000 Pokédollars.'),
(93, 'EN', 'Heart Scale', 'No effect. Can be traded for prior Level-up moves.'),
(94, 'EN', 'Honey', 'Can be used on special golden-colored trees in Sinnoh to attract Pokémon.'),
(95, 'EN', 'Growth Mulch', 'Growing time of berries is reduced, but the soil dries out faster.'),
(96, 'EN', 'Damp Mulch', 'Growing time of berries is increased, but the soil dries out slower.'),
(97, 'EN', 'Stable Mulch', 'Berries stay on the plant for longer than their usual time.'),
(98, 'EN', 'Gooey Mulch', 'Berries regrow from dead plants an increased number of times.'),
(99, 'EN', 'Root Fossil', 'Can be revived into a Lileep.'),
(100, 'EN', 'Claw Fossil', 'Can be revived into an Anorith.'),
(101, 'EN', 'Helix Fossil', 'Can be revived into an Omanyte.'),
(102, 'EN', 'Dome Fossil', 'Can be revived into a Kabuto.'),
(103, 'EN', 'Old Amber', 'Can be revived into an Aerodactyl.'),
(104, 'EN', 'Armor Fossil', 'Can be revived into a Shieldon.'),
(105, 'EN', 'Skull Fossil', 'Can be revived into a Cranidos.'),
(106, 'EN', 'Rare Bone', 'Sell for 5000 Pokédollars, or to Bone Man for 10000 Pokédollars.'),
(107, 'EN', 'Shiny Stone', 'Evolves a Minccino into Cinccino, a Roselia into Roserade, or a Togetic into Togekiss.'),
(108, 'EN', 'Dusk Stone', 'Evolves a Lampent into Chandelure, a Misdreavus into Mismagius, or a Murkrow into Honchkrow.'),
(109, 'EN', 'Dawn Stone', 'Evolves a male Kirlia into Gallade or a female Snorunt into Froslass.'),
(110, 'EN', 'Oval Stone', 'Level-up during Day on a Happiny: Holder evolves into Chansey.'),
(111, 'EN', 'Odd Keystone', 'Use on the tower on Route 209 to encounter Spiritomb if you have at least 32 Underground greetings.'),
(112, 'EN', 'Adamant Orb', 'Boosts the damage from Dialga''s Dragon-type and Steel-type moves by 20%.'),
(113, 'EN', 'Lustrous Orb', 'Boosts the damage from Palkia''s Dragon-type and Water-type moves by 20%.'),
(114, 'EN', 'Grass Mail', 'Lets a Trainer write a message and send it via Pokémon trade.'),
(115, 'EN', 'Flame Mail', 'Lets a Trainer write a message and send it via Pokémon trade.'),
(116, 'EN', 'Bubble Mail', 'Lets a Trainer write a message and send it via Pokémon trade.'),
(117, 'EN', 'Bloom Mail', 'Lets a Trainer write a message and send it via Pokémon trade.'),
(118, 'EN', 'Tunnel Mail', 'Lets a Trainer write a message and send it via Pokémon trade.'),
(119, 'EN', 'Steel Mail', 'Lets a Trainer write a message and send it via Pokémon trade.'),
(120, 'EN', 'Heart Mail', 'Lets a Trainer write a message and send it via Pokémon trade.'),
(121, 'EN', 'Snow Mail', 'Lets a Trainer write a message and send it via Pokémon trade.'),
(122, 'EN', 'Space Mail', 'Lets a Trainer write a message and send it via Pokémon trade.'),
(123, 'EN', 'Air Mail', 'Lets a Trainer write a message and send it via Pokémon trade.'),
(124, 'EN', 'Mosaic Mail', 'Lets a Trainer write a message and send it via Pokémon trade.'),
(125, 'EN', 'Brick Mail', 'Lets a Trainer write a message and send it via Pokémon trade.'),
(126, 'EN', 'Cheri Berry', 'Held: Consumed when paralyzed to cure paralysis.'),
(127, 'EN', 'Chesto Berry', 'Held: Consumed when asleep to cure sleep.'),
(128, 'EN', 'Pecha Berry', 'Held: Consumed when poisoned to cure poison.'),
(129, 'EN', 'Rawst Berry', 'Held: Consumed when burned to cure a burn.'),
(130, 'EN', 'Aspear Berry', 'Held: Consumed when frozen to cure frozen.'),
(131, 'EN', 'Leppa Berry', 'Held: Consumed when a move runs out of PP to restore its PP by 10.'),
(132, 'EN', 'Oran Berry', 'Held: Consumed at 1/2 max HP to recover 10 HP.'),
(133, 'EN', 'Persim Berry', 'Held: Consumed when confused to cure confusion.'),
(134, 'EN', 'Lum Berry', 'Held: Consumed to cure any status condition or confusion.'),
(135, 'EN', 'Sitrus Berry', 'Held: Consumed at 1/2 max HP to recover 1/4 max HP.'),
(136, 'EN', 'Figy Berry', 'Held: Consumed at 1/2 max HP to restore 1/8 max HP. Confuses Pokémon that dislike spicy flavor.'),
(137, 'EN', 'Wiki Berry', 'Held: Consumed at 1/2 max HP to restore 1/8 max HP. Confuses Pokémon that dislike dry flavor.'),
(138, 'EN', 'Mago Berry', 'Held: Consumed at 1/2 max HP to restore 1/8 max HP. Confuses Pokémon that dislike sweet flavor.'),
(139, 'EN', 'Aguav Berry', 'Held: Consumed at 1/2 max HP to restore 1/8 max HP. Confuses Pokémon that dislike bitter flavor.'),
(140, 'EN', 'Iapapa Berry', 'Held: Consumed at 1/2 max HP to restore 1/8 max HP. Confuses Pokémon that dislike sour flavor.'),
(141, 'EN', 'Razz Berry', 'Used for creating PokéBlocks and Poffins.'),
(142, 'EN', 'Bluk Berry', 'Used for creating PokéBlocks and Poffins.'),
(143, 'EN', 'Nanab Berry', 'Used for creating PokéBlocks and Poffins.'),
(144, 'EN', 'Wepear Berry', 'Used for creating PokéBlocks and Poffins.'),
(145, 'EN', 'Pinap Berry', 'Used for creating PokéBlocks and Poffins.'),
(146, 'EN', 'Pomeg Berry', 'Drops HP Effort Values by 10 and raises happiness.'),
(147, 'EN', 'Kelpsy Berry', 'Drops Attack Effort Values by 10 and raises happiness.'),
(148, 'EN', 'Qualot Berry', 'Drops Defense Effort Values by 10 and raises happiness.'),
(149, 'EN', 'Hondew Berry', 'Drops Special Attack Effort Values by 10 and raises happiness.'),
(150, 'EN', 'Grepa Berry', 'Drops Special Defense Effort Values by 10 and raises happiness.'),
(151, 'EN', 'Tamato Berry', 'Drops Speed Effort Values by 10 and raises happiness.'),
(152, 'EN', 'Cornn Berry', 'Used for creating PokéBlocks and Poffins.'),
(153, 'EN', 'Magost Berry', 'Used for creating PokéBlocks and Poffins.'),
(154, 'EN', 'Rabuta Berry', 'Used for creating PokéBlocks and Poffins.'),
(155, 'EN', 'Nomel Berry', 'Used for creating PokéBlocks and Poffins.'),
(156, 'EN', 'Spelon Berry', 'Used for creating PokéBlocks and Poffins.'),
(157, 'EN', 'Pamtre Berry', 'Used for creating PokéBlocks and Poffins.'),
(158, 'EN', 'Watmel Berry', 'Used for creating PokéBlocks and Poffins.'),
(159, 'EN', 'Durin Berry', 'Used for creating PokéBlocks and Poffins.'),
(160, 'EN', 'Belue Berry', 'Used for creating PokéBlocks and Poffins.'),
(161, 'EN', 'Occa Berry', 'Held: Consumed when struck by a super-effective Fire-type attack to halve the damage.'),
(162, 'EN', 'Passho Berry', 'Held: Consumed when struck by a super-effective Water-type attack to halve the damage.'),
(163, 'EN', 'Wacan Berry', 'Held: Consumed when struck by a super-effective Electric-type attack to halve the damage.'),
(164, 'EN', 'Rindo Berry', 'Held: Consumed when struck by a super-effective Grass-type attack to halve the damage.'),
(165, 'EN', 'Yache Berry', 'Held: Consumed when struck by a super-effective Ice-type attack to halve the damage.'),
(166, 'EN', 'Chople Berry', 'Held: Consumed when struck by a super-effective Fighting-type attack to halve the damage.'),
(167, 'EN', 'Kebia Berry', 'Held: Consumed when struck by a super-effective Poison-type attack to halve the damage.'),
(168, 'EN', 'Shuca Berry', 'Held: Consumed when struck by a super-effective Ground-type attack to halve the damage.'),
(169, 'EN', 'Coba Berry', 'Held: Consumed when struck by a super-effective Flying-type attack to halve the damage.'),
(170, 'EN', 'Payapa Berry', 'Held: Consumed when struck by a super-effective Psychic-type attack to halve the damage.'),
(171, 'EN', 'Tanga Berry', 'Held: Consumed when struck by a super-effective Bug-type attack to halve the damage.'),
(172, 'EN', 'Charti Berry', 'Held: Consumed when struck by a super-effective Rock-type attack to halve the damage.'),
(173, 'EN', 'Kasib Berry', 'Held: Consumed when struck by a super-effective Ghost-type attack to halve the damage.'),
(174, 'EN', 'Haban Berry', 'Held: Consumed when struck by a super-effective Dragon-type attack to halve the damage.'),
(175, 'EN', 'Colbur Berry', 'Held: Consumed when struck by a super-effective Dark-type attack to halve the damage.'),
(176, 'EN', 'Babiri Berry', 'Held: Consumed when struck by a super-effective Steel-type attack to halve the damage.'),
(177, 'EN', 'Chilan Berry', 'Held: Consumed when struck by a Normal-type attack to halve the damage.'),
(178, 'EN', 'Liechi Berry', 'Held: Consumed at 1/4 max HP to boost Attack.'),
(179, 'EN', 'Ganlon Berry', 'Held: Consumed at 1/4 max HP to boost Defense.'),
(180, 'EN', 'Salac Berry', 'Held: Consumed at 1/4 max HP to boost Speed.'),
(181, 'EN', 'Petaya Berry', 'Held: Consumed at 1/4 max HP to boost Special Attack.'),
(182, 'EN', 'Apicot Berry', 'Held: Consumed at 1/4 max HP to boost Special Defense.'),
(183, 'EN', 'Lansat Berry', 'Held: Consumed at 1/4 max HP to boost critical hit ratio by two stages.'),
(184, 'EN', 'Starf Berry', 'Held: Consumed at 1/4 max HP to boost a random stat by two stages.'),
(185, 'EN', 'Enigma Berry', 'Held: Consumed when struck by a super-effective attack to restore 1/4 max HP.'),
(186, 'EN', 'Micle Berry', 'Held: Consumed at 1/4 max HP to boost accuracy of next move by 20%. (Gen IV: Perfect accuracy)'),
(187, 'EN', 'Custap Berry', 'Held: Consumed at 1/4 max HP when using a move to go first.'),
(188, 'EN', 'Jaboca Berry', 'Held: Consumed to deal 1/8 attacker''s max HP when holder is struck by a physical attack.'),
(189, 'EN', 'Rowap Berry', 'Held: Consumed to deal 1/8 attacker''s max HP when holder is struck by a special attack.'),
(190, 'EN', 'Bright Powder', 'Held: Increases the holder''s evasion by 1/9 (11 1/9%).'),
(191, 'EN', 'White Herb', 'Held: Resets all lowered stats to normal at end of turn. Consumed after use.'),
(192, 'EN', 'Macho Brace', 'Held: Holder gains double effort values from battles, but has halved Speed in battle.'),
(193, 'EN', 'Exp. Share', 'Held: Half the experience from a battle is split between Pokémon holding this item.'),
(194, 'EN', 'Quick Claw', 'Held: Holder has a 3/16 (18.75%) chance to move first.'),
(195, 'EN', 'Soothe Bell', 'Held: Doubles the happiness earned by the holder.'),
(196, 'EN', 'Mental Herb', 'Held: Consumed to cure infatuation. Gen V: Also removes Taunt, Encore, Torment, Disable, and Cursed Body.'),
(197, 'EN', 'Choice Band', 'Held: Increases Attack by 50%, but restricts the holder to only one move.'),
(198, 'EN', 'King''s Rock', 'Held: Damaging moves gain a 10% chance to make their target flinch. Traded on a Poliwhirl: Holder evolves into Politoed. Traded on a Slowpoke: Holder evolves into Slowking.'),
(199, 'EN', 'Silver Powder', 'Held: Bug-Type moves from holder do 20% more damage.'),
(200, 'EN', 'Amulet Coin', 'Held: Doubles the money earned from a battle. Does not stack with Luck Incense.'),
(201, 'EN', 'Cleanse Tag', 'Prevents wild encounters of level lower than your party''s lead Pokémon.'),
(202, 'EN', 'Soul Dew', 'Raises Latias and Latios''s Special Attack and Special Defense by 50%.'),
(203, 'EN', 'Deep Sea Tooth', 'Doubles Clamperl''s Special Attack. Traded on a Clamperl: Holder evolves into Huntail.'),
(204, 'EN', 'Deep Sea Scale', 'Doubles Clamperl''s Special Defense. Traded on a Clamperl: Holder evolves into Gorebyss.'),
(205, 'EN', 'Smoke Ball', 'Held: Allows the Holder to escape from any wild battle.'),
(206, 'EN', 'Everstone', 'Held: Prevents level-based evolution from occuring.'),
(207, 'EN', 'Focus Band', 'Held: Holder has 10% chance to survive attacks or self-inflicted damage at 1 HP.'),
(208, 'EN', 'Lucky Egg', 'Held: Increases EXP earned in battle by 50%.'),
(209, 'EN', 'Scope Lens', 'Held: Raises the holder''s critical hit ratio by one stage.'),
(210, 'EN', 'Metal Coat', 'Held: Steel-Type moves from holder do 20% more damage.'),
(211, 'EN', 'Leftovers', 'Held: Restores 1/16 (6.25%) holder''s max HP at the end of each turn.'),
(212, 'EN', 'Dragon Scale', 'Traded on a Seadra: Holder evolves into Kingdra.'),
(213, 'EN', 'Light Ball', 'Doubles Pikachu''s Attack and Special Attack. Breed on Pikachu or Raichu: Pichu Egg will have Volt Tackle.'),
(214, 'EN', 'Soft Sand', 'Held: Ground-Type moves from holder do 20% more damage.'),
(215, 'EN', 'Hard Stone', 'Held: Rock-Type moves from holder do 20% more damage.'),
(216, 'EN', 'Miracle Seed', 'Held: Grass-Type moves from holder do 20% more damage.'),
(217, 'EN', 'Black Glasses', 'Held: Dark-Type moves from holder do 20% more damage.'),
(218, 'EN', 'Black Belt', 'Held: Fighting-Type moves from holder do 20% more damage.'),
(219, 'EN', 'Magnet', 'Held: Electric-Type moves from holder do 20% more damage.'),
(220, 'EN', 'Mystic Water', 'Held: Water-Type moves from holder do 20% more damage.'),
(221, 'EN', 'Sharp Beak', 'Held: Flying-Type moves from holder do 20% more damage.'),
(222, 'EN', 'Poison Barb', 'Held: Poison-Type moves from holder do 20% more damage.'),
(223, 'EN', 'Never-Melt Ice', 'Held: Ice-Type moves from holder do 20% more damage.'),
(224, 'EN', 'Spell Tag', 'Held: Ghost-Type moves from holder do 20% more damage.'),
(225, 'EN', 'Twisted Spoon', 'Held: Psychic-Type moves from holder do 20% more damage.'),
(226, 'EN', 'Charcoal', 'Held: Fire-Type moves from holder do 20% more damage.'),
(227, 'EN', 'Dragon Fang', 'Held: Dragon-Type moves from holder do 20% more damage.'),
(228, 'EN', 'Silk Scarf', 'Held: Normal-Type moves from holder do 20% more damage.'),
(229, 'EN', 'Up-Grade', 'Traded on a Porygon: Holder evolves into Porygon2.'),
(230, 'EN', 'Shell Bell', 'Held: Holder receives 1/8 of the damage it deals when attacking.'),
(231, 'EN', 'Sea Incense', 'Held: Water-Type moves from holder do 20% more damage. Breeding: Marill or Azumarill beget an Azurill Egg.'),
(232, 'EN', 'Lax Incense', 'Held: Holder''s evasion is increased by 5%. Breeding: Wobbuffet begets a Wynaut Egg.'),
(233, 'EN', 'Lucky Punch', 'Raises Chansey''s critical hit ratio by two stages.'),
(234, 'EN', 'Metal Powder', 'Raises Ditto''s Defense and Special Defense by 50%. The boost is lost after transforming.'),
(235, 'EN', 'Thick Club', 'Doubles Cubone or Marowak''s Attack.'),
(236, 'EN', 'Stick', 'Raises Farfetch''d''s critical hit ratio by two stages.'),
(237, 'EN', 'Red Scarf', 'Raises the holder''s Coolness while in a contest.'),
(238, 'EN', 'Blue Scarf', 'Raises the holder''s Beauty while in a contest.'),
(239, 'EN', 'Pink Scarf', 'Raises the holder''s Cuteness while in a contest.'),
(240, 'EN', 'Green Scarf', 'Raises the holder''s Smartness while in a contest.'),
(241, 'EN', 'Yellow Scarf', 'Raises the holder''s Toughness while in a contest.'),
(242, 'EN', 'Wide Lens', 'Held: Provides a 1/10 (10%) boost in accuracy to the holder.'),
(243, 'EN', 'Muscle Band', 'Held: Boosts the damage of physical moves used by the holder by 10%.'),
(244, 'EN', 'Wise Glasses', 'Held: Boosts the damage of special moves used by the holder by 1/10 (10%).'),
(245, 'EN', 'Expert Belt', 'Held: Holder''s Super Effective moves do 20% extra damage.'),
(246, 'EN', 'Light Clay', 'Held: Light Screen and Reflect used by the holder last 8 rounds instead of 5.'),
(247, 'EN', 'Life Orb', 'Held: Holder''s moves inflict 30% extra damage, but cost 10% max HP.'),
(248, 'EN', 'Power Herb', 'Held: Both turns of a two-turn charge move happen at once. Consumed upon use.'),
(249, 'EN', 'Toxic Orb', 'Held: Inflicts Toxic on the holder at the end of the turn. Activates after Poison damage would occur.'),
(250, 'EN', 'Flame Orb', 'Held: Inflicts Burn on the holder at the end of the turn. Activates after Burn damage would occur.'),
(251, 'EN', 'Quick Powder', 'Doubles Ditto''s Speed when held. The boost is lost after transforming.'),
(252, 'EN', 'Focus Sash', 'Held: Holder survives any single-hit attack at 1 HP if at max HP, then the item is consumed.'),
(253, 'EN', 'Zoom Lens', 'Held: Provides a 1/5 (20%) boost in accuracy if the holder moves after the target.'),
(254, 'EN', 'Metronome', 'Held: Consectutive uses of the same attack have a cumulative damage boost of 10%. Maximum 100% boost.'),
(255, 'EN', 'Iron Ball', 'Held: Holder''s Speed is halved. Negates all Ground-type immunities, and makes Flying-types take neutral damage from Ground-type moves. Arena Trap. Spikes, and Toxic Spikes affect the holder.'),
(256, 'EN', 'Lagging Tail', 'Held: Holder moves last in its priority bracket.'),
(257, 'EN', 'Destiny Knot', 'Held: Infatuates opposing Pokémon when holder is inflicted with infatuation.'),
(258, 'EN', 'Black Sludge', 'Held: Poison-type holder recovers 1/16 (6.25%) max HP each turn. Non-Poison-Types take 1/8 (12.5%) max HP damage.'),
(259, 'EN', 'Icy Rock', 'Held: Hail by the holder lasts 8 rounds instead of 5.'),
(260, 'EN', 'Smooth Rock', 'Held: Sandstorm by the holder lasts 8 rounds instead of 5.'),
(261, 'EN', 'Heat Rock', 'Held: Sunny Day by the holder lasts 8 rounds instead of 5.'),
(262, 'EN', 'Damp Rock', 'Held: Rain Dance by the holder lasts 8 rounds instead of 5.'),
(263, 'EN', 'Grip Claw', 'Held: Holder''s multi-turn trapping moves last 5 turns.'),
(264, 'EN', 'Choice Scarf', 'Held: Increases Speed by 50%, but restricts the holder to only one move.'),
(265, 'EN', 'Sticky Barb', 'Held: Holder takes 1/8 (12.5%) its max HP at the end of each turn. When the holder is hit by a contact move, the attacking Pokémon takes 1/8 its max HP in damage and receive the item if not holding one.'),
(266, 'EN', 'Power Bracer', 'Held: Holder gains 4 Attack effort values, but has halved Speed in battle.'),
(267, 'EN', 'Power Belt', 'Held: Holder gains 4 Defense effort values, but has halved Speed in battle.'),
(268, 'EN', 'Power Lens', 'Held: Holder gains 4 Special Attack effort values, but has halved Speed in battle.'),
(269, 'EN', 'Power Band', 'Held: Holder gains 4 Special Defense effort values, but has halved Speed in battle.'),
(270, 'EN', 'Power Anklet', 'Held: Holder gains 4 Speed effort values, but has halved Speed in battle.'),
(271, 'EN', 'Power Weight', 'Held: Holder gains 4 HP effort values, but has halved Speed in battle.'),
(272, 'EN', 'Shed Shell', 'Held: Holder can bypass all trapping effects and switch out. Multi-turn moves still cannot be switched out of.'),
(273, 'EN', 'Big Root', 'Held: Increases HP recovered from draining moves, Ingrain, and Aqua Ring by 3/10 (30%).'),
(274, 'EN', 'Choice Specs', 'Held: Increases Special Attack by 50%, but restricts the holder to only one move.'),
(275, 'EN', 'Flame Plate', 'Held: Fire-Type moves from holder do 20% more damage. Changes Arceus''s and Judgment''s type to Fire.'),
(276, 'EN', 'Splash Plate', 'Held: Water-Type moves from holder do 20% more damage. Changes Arceus''s and Judgment''s type to Water.'),
(277, 'EN', 'Zap Plate', 'Held: Electric-Type moves from holder do 20% more damage. Changes Arceus''s and Judgment''s type to Electric.'),
(278, 'EN', 'Meadow Plate', 'Held: Grass-Type moves from holder do 20% more damage. Changes Arceus''s and Judgment''s type to Grass.'),
(279, 'EN', 'Icicle Plate', 'Held: Ice-Type moves from holder do 20% more damage. Changes Arceus''s and Judgment''s type to Ice.'),
(280, 'EN', 'Fist Plate', 'Held: Fighting-Type moves from holder do 20% more damage. Changes Arceus''s and Judgment''s type to Fighting.'),
(281, 'EN', 'Toxic Plate', 'Held: Posion-Type moves from holder do 20% more damage. Changes Arceus''s and Judgment''s type to Posion.'),
(282, 'EN', 'Earth Plate', 'Held: Ground-Type moves from holder do 20% more damage. Changes Arceus''s and Judgment''s type to Ground.'),
(283, 'EN', 'Sky Plate', 'Held: Flying-Type moves from holder do 20% more damage. Changes Arceus''s and Judgment''s type to Flying.'),
(284, 'EN', 'Mind Plate', 'Held: Psychic-Type moves from holder do 20% more damage. Changes Arceus''s and Judgment''s type to Psychic.'),
(285, 'EN', 'Insect Plate', 'Held: Bug-Type moves from holder do 20% more damage. Changes Arceus''s and Judgment''s type to Bug.'),
(286, 'EN', 'Stone Plate', 'Held: Rock-Type moves from holder do 20% more damage. Changes Arceus''s and Judgment''s type to Rock.'),
(287, 'EN', 'Spooky Plate', 'Held: Ghost-Type moves from holder do 20% more damage. Changes Arceus''s and Judgment''s type to Ghost.'),
(288, 'EN', 'Draco Plate', 'Held: Dragon-Type moves from holder do 20% more damage. Changes Arceus''s and Judgment''s type to Dragon.'),
(289, 'EN', 'Dread Plate', 'Held: Dark-Type moves from holder do 20% more damage. Changes Arceus''s and Judgment''s type to Dark.'),
(290, 'EN', 'Iron Plate', 'Held: Steel-Type moves from holder do 20% more damage. Changes Arceus''s and Judgment''s type to Steel.'),
(291, 'EN', 'Odd Incense', 'Held: Psychic-Type moves from holder do 20% more damage. Breeding: Mr. Mime begets a Mime Jr. Egg.'),
(292, 'EN', 'Rock Incense', 'Held: Rock-Type moves from holder do 20% more damage. Breeding: Sudowoodo begets a Bonsly Egg.'),
(293, 'EN', 'Full Incense', 'Held: Holder moves last in its priority bracket. Breeding: Snorlax begets a Munchlax Egg.'),
(294, 'EN', 'Wave Incense', 'Held: Water-Type moves from holder do 20% more damage. Breeding: Mantine begets a Mantyke Egg.'),
(295, 'EN', 'Rose Incense', 'Held: Grass-Type moves from holder do 20% more damage. Breeding: Roselia or Roserade beget a Budew Egg.'),
(296, 'EN', 'Luck Incense', 'Held: Doubles the money earned from a battle. Does not stack with Amulet Coin. Breeding: Chansey and Blissey beget a Happiny Egg.'),
(297, 'EN', 'Pure Incense', 'Prevents wild encounters of level lower than your party''s lead Pokémon. Breeding: Chimecho begets a Chingling Egg.'),
(298, 'EN', 'Protector', 'Traded on a Rhydon: Holder evolves into Rhyperior.'),
(299, 'EN', 'Electirizer', 'Traded on an Electabuzz: Holder evolves into Electivire.'),
(300, 'EN', 'Magmarizer', 'Traded on a Magmar: Holder evolves into Magmortar.'),
(301, 'EN', 'Dubious Disc', 'Traded on a Porygon2: Holder evolves into Porygon-Z.'),
(302, 'EN', 'Reaper Cloth', 'Traded on a Dusclops: Holder evolves into Dusknoir.'),
(303, 'EN', 'Razor Claw', 'Held: Raises the holder''s critical hit ratio by one stage. Held by a Sneasel while levelling up at night: Holder evolves into Weavile.'),
(304, 'EN', 'Razor Fang', 'Held: Damaging moves gain a 10% chance to make their target flinch. Held by a Gligar while levelling up: Holder evolves into Gliscor.'),
(305, 'EN', 'TM01', 'Teaches Focus Punch to a compatible Pokémon.'),
(306, 'EN', 'TM02', 'Teaches Dragon Claw to a compatible Pokémon.'),
(307, 'EN', 'TM03', 'Teaches Water Pulse to a compatible Pokémon.'),
(308, 'EN', 'TM04', 'Teaches Calm Mind to a compatible Pokémon.'),
(309, 'EN', 'TM05', 'Teaches Roar to a compatible Pokémon.'),
(310, 'EN', 'TM06', 'Teaches Toxic to a compatible Pokémon.'),
(311, 'EN', 'TM07', 'Teaches Hail to a compatible Pokémon.'),
(312, 'EN', 'TM08', 'Teaches Bulk Up to a compatible Pokémon.'),
(313, 'EN', 'TM09', 'Teaches Bullet Seed to a compatible Pokémon.'),
(314, 'EN', 'TM10', 'Teaches Hidden Power to a compatible Pokémon.'),
(315, 'EN', 'TM11', 'Teaches Sunny Day to a compatible Pokémon.'),
(316, 'EN', 'TM12', 'Teaches Taunt to a compatible Pokémon.'),
(317, 'EN', 'TM13', 'Teaches Ice Beam to a compatible Pokémon.'),
(318, 'EN', 'TM14', 'Teaches Blizzard to a compatible Pokémon.'),
(319, 'EN', 'TM15', 'Teaches Hyper Beam to a compatible Pokémon.'),
(320, 'EN', 'TM16', 'Teaches Light Screen to a compatible Pokémon.'),
(321, 'EN', 'TM17', 'Teaches Protect to a compatible Pokémon.'),
(322, 'EN', 'TM18', 'Teaches Rain Dance to a compatible Pokémon.'),
(323, 'EN', 'TM19', 'Teaches Giga Drain to a compatible Pokémon.'),
(324, 'EN', 'TM20', 'Teaches Safeguard to a compatible Pokémon.'),
(325, 'EN', 'TM21', 'Teaches Frustration to a compatible Pokémon.'),
(326, 'EN', 'TM22', 'Teaches SolarBeam to a compatible Pokémon.'),
(327, 'EN', 'TM23', 'Teaches Iron Tail to a compatible Pokémon.'),
(328, 'EN', 'TM24', 'Teaches Thunderbolt to a compatible Pokémon.'),
(329, 'EN', 'TM25', 'Teaches Thunder to a compatible Pokémon.'),
(330, 'EN', 'TM26', 'Teaches Earthquake to a compatible Pokémon.'),
(331, 'EN', 'TM27', 'Teaches Return to a compatible Pokémon.'),
(332, 'EN', 'TM28', 'Teaches Dig to a compatible Pokémon.'),
(333, 'EN', 'TM29', 'Teaches Psychic to a compatible Pokémon.'),
(334, 'EN', 'TM30', 'Teaches Shadow Ball to a compatible Pokémon.'),
(335, 'EN', 'TM31', 'Teaches Brick Break to a compatible Pokémon.'),
(336, 'EN', 'TM32', 'Teaches Double Team to a compatible Pokémon.'),
(337, 'EN', 'TM33', 'Teaches Reflect to a compatible Pokémon.'),
(338, 'EN', 'TM34', 'Teaches Sludge Wave to a compatible Pokémon.'),
(339, 'EN', 'TM35', 'Teaches Flamethrower to a compatible Pokémon.'),
(340, 'EN', 'TM36', 'Teaches Sludge Bomb to a compatible Pokémon.'),
(341, 'EN', 'TM37', 'Teaches Sandstorm to a compatible Pokémon.'),
(342, 'EN', 'TM38', 'Teaches Fire Blast to a compatible Pokémon.'),
(343, 'EN', 'TM39', 'Teaches Rock Tomb to a compatible Pokémon.'),
(344, 'EN', 'TM40', 'Teaches Aerial Ace to a compatible Pokémon.'),
(345, 'EN', 'TM41', 'Teaches Torment to a compatible Pokémon.'),
(346, 'EN', 'TM42', 'Teaches Facade to a compatible Pokémon.'),
(347, 'EN', 'TM43', 'Teaches Secret Power to a compatible Pokémon.'),
(348, 'EN', 'TM44', 'Teaches Rest to a compatible Pokémon.'),
(349, 'EN', 'TM45', 'Teaches Attract to a compatible Pokémon.'),
(350, 'EN', 'TM46', 'Teaches Thief to a compatible Pokémon.'),
(351, 'EN', 'TM47', 'Teaches Steel Wing to a compatible Pokémon.'),
(352, 'EN', 'TM48', 'Teaches Skill Swap to a compatible Pokémon.'),
(353, 'EN', 'TM49', 'Teaches Snatch to a compatible Pokémon.'),
(354, 'EN', 'TM50', 'Teaches Overheat to a compatible Pokémon.'),
(355, 'EN', 'TM51', 'Teaches Roost to a compatible Pokémon.'),
(356, 'EN', 'TM52', 'Teaches Focus Blast to a compatible Pokémon.'),
(357, 'EN', 'TM53', 'Teaches Energy Ball to a compatible Pokémon.'),
(358, 'EN', 'TM54', 'Teaches False Swipe to a compatible Pokémon.'),
(359, 'EN', 'TM55', 'Teaches Brine to a compatible Pokémon.'),
(360, 'EN', 'TM56', 'Teaches Fling to a compatible Pokémon.'),
(361, 'EN', 'TM57', 'Teaches Charge Beam to a compatible Pokémon.'),
(362, 'EN', 'TM58', 'Teaches Endure to a compatible Pokémon.'),
(363, 'EN', 'TM59', 'Teaches Dragon Pulse to a compatible Pokémon.'),
(364, 'EN', 'TM60', 'Teaches Drain Punch to a compatible Pokémon.'),
(365, 'EN', 'TM61', 'Teaches Will-O-Wisp to a compatible Pokémon.'),
(366, 'EN', 'TM62', 'Teaches Silver Wind to a compatible Pokémon.'),
(367, 'EN', 'TM63', 'Teaches Embargo to a compatible Pokémon.'),
(368, 'EN', 'TM64', 'Teaches Explosion to a compatible Pokémon.'),
(369, 'EN', 'TM65', 'Teaches Shadow Claw to a compatible Pokémon.'),
(370, 'EN', 'TM66', 'Teaches Payback to a compatible Pokémon.'),
(371, 'EN', 'TM67', 'Teaches Recycle to a compatible Pokémon.'),
(372, 'EN', 'TM68', 'Teaches Giga Impact to a compatible Pokémon.'),
(373, 'EN', 'TM69', 'Teaches Rock Polish to a compatible Pokémon.'),
(374, 'EN', 'TM70', 'Teaches Flash to a compatible Pokémon.'),
(375, 'EN', 'TM71', 'Teaches Stone Edge to a compatible Pokémon.'),
(376, 'EN', 'TM72', 'Teaches Avalanche to a compatible Pokémon.'),
(377, 'EN', 'TM73', 'Teaches Thunder Wave to a compatible Pokémon.'),
(378, 'EN', 'TM74', 'Teaches Gyro Ball to a compatible Pokémon.'),
(379, 'EN', 'TM75', 'Teaches Swords Dance to a compatible Pokémon.'),
(380, 'EN', 'TM76', 'Teaches Stealth Rock to a compatible Pokémon.'),
(381, 'EN', 'TM77', 'Teaches Psych Up to a compatible Pokémon.'),
(382, 'EN', 'TM78', 'Teaches Captivate to a compatible Pokémon.'),
(383, 'EN', 'TM79', 'Teaches Frost Breath to a compatible Pokémon.'),
(384, 'EN', 'TM80', 'Teaches Rock Slide to a compatible Pokémon.'),
(385, 'EN', 'TM81', 'Teaches X-Scissor to a compatible Pokémon.'),
(386, 'EN', 'TM82', 'Teaches Dragon Tail to a compatible Pokémon.'),
(387, 'EN', 'TM83', 'Teaches Work Up to a compatible Pokémon.'),
(388, 'EN', 'TM84', 'Teaches Poison Jab to a compatible Pokémon.'),
(389, 'EN', 'TM85', 'Teaches Dream Eater to a compatible Pokémon.'),
(390, 'EN', 'TM86', 'Teaches Grass Knot to a compatible Pokémon.'),
(391, 'EN', 'TM87', 'Teaches Swagger to a compatible Pokémon.'),
(392, 'EN', 'TM88', 'Teaches Pluck to a compatible Pokémon.'),
(393, 'EN', 'TM89', 'Teaches U-turn to a compatible Pokémon.'),
(394, 'EN', 'TM90', 'Teaches Substitute to a compatible Pokémon.'),
(395, 'EN', 'TM91', 'Teaches Flash Cannon to a compatible Pokémon.'),
(396, 'EN', 'TM92', 'Teaches Trick Room to a compatible Pokémon.'),
(397, 'EN', 'HM01', 'Teaches Cut to a compatible Pokémon.'),
(398, 'EN', 'HM02', 'Teaches Fly to a compatible Pokémon.'),
(399, 'EN', 'HM03', 'Teaches Surf to a compatible Pokémon.'),
(400, 'EN', 'HM04', 'Teaches Strength to a compatible Pokémon.'),
(401, 'EN', 'HM05', 'Teaches Flash to a compatible Pokémon.'),
(402, 'EN', 'HM06', 'Teaches Whirlpool to a compatible Pokémon.'),
(403, 'EN', 'HM07', 'Teaches Waterfall to a compatible Pokémon.'),
(404, 'EN', 'HM08', 'Teaches Dive a compatible Pokémon.'),
(405, 'EN', 'Explorer Kit', 'Allows visiting the Underground.'),
(406, 'EN', 'Loot Sack', 'Carries coal mine loot.'),
(407, 'EN', 'Rule Book', 'List of battle types and their rules.'),
(408, 'EN', 'Poké Radar', 'Use to track down rare or shiny Pokémon. 50 steps to recharge.'),
(409, 'EN', 'Point Card', 'Keeps count of Battle Points earned.'),
(410, 'EN', 'Journal', 'Records prior significant activities the player took.'),
(411, 'EN', 'Seal Case', 'Stores Seals that can be applied to Poké Ball capsules.'),
(412, 'EN', 'Fashion Case', 'Holds Pokémon Accessories for use in Contests.'),
(413, 'EN', 'Seal Bag', 'Holds ten Seals for Poké Balls.'),
(414, 'EN', 'Pal Pad', 'Use to record Friend Codes and check your own.'),
(415, 'EN', 'Works Key', 'Grants access to Valley Windworks.'),
(416, 'EN', 'Old Charm', 'Trade to Cynthia''s grandmother in Celestic Town for HM04 (Surf).'),
(417, 'EN', 'Galactic Key', 'Grants access to Galactic HQ in Veilstone City.'),
(418, 'EN', 'Red Chain', 'Used to bind Palkia and Dialga.'),
(419, 'EN', 'Town Map', 'Use to see the overworld map.'),
(420, 'EN', 'Vs. Seeker', 'Allows rebattling of on-screen trainers. 100 steps to recharge.'),
(421, 'EN', 'Coin Case', 'Holds coins for the Game Corner.'),
(422, 'EN', 'Old Rod', 'Used to catch Pokémon in bodies of water.'),
(423, 'EN', 'Good Rod', 'Used to catch Pokémon in bodies of water.'),
(424, 'EN', 'Super Rod', 'Used to catch Pokémon in bodies of water.'),
(425, 'EN', 'Sprayduck', 'Used to water berries.'),
(426, 'EN', 'Poffin Case', 'Holds Poffins.'),
(427, 'EN', 'Bicycle', 'Use for fast transit.'),
(428, 'EN', 'Suite Key', 'Opens a locked building in the Lakeside Resort.'),
(429, 'EN', 'Oak''s Letter', 'Allows access to Seabreak path, Flower Paradise, and Shaymin.'),
(430, 'EN', 'Lunar Wing', 'Cures sailor''s son of nightmares in Canalave City.'),
(431, 'EN', 'Member Card', 'Allows access to Newmoon Island and Darkrai.'),
(432, 'EN', 'Azure Flute', 'Allows entry into the Hall of Origin. Unreleased.'),
(433, 'EN', 'S.S. Ticket', 'Ticket for a ship. (RSE: S.S. Tidal LF: S.S. Anne HG: S.S. Aqua)'),
(434, 'EN', 'Contest Pass', 'Allows participation in Pokémon Contests.'),
(435, 'EN', 'Magma Stone', 'Magma is sealed inside.'),
(436, 'EN', 'Parcel', 'Given to the trainer''s rival in Jubilife City. Contains Town Maps.'),
(437, 'EN', 'Coupon 1', 'The first of three tickets used to obtain a Pokétch.'),
(438, 'EN', 'Coupon 2', 'The second of three tickets used to obtain a Pokétch.'),
(439, 'EN', 'Coupon 3', 'The last of three tickets used to obtain a Pokétch.'),
(440, 'EN', 'Storage Key', 'Grants access to the Team Galactic warehouse in Veilstone City.'),
(441, 'EN', 'Secret Potion', 'Used to heal the Ampharos at the top of Olivine Lighthouse.'),
(442, 'EN', 'Griseous Orb', 'Boosts the damage from Giratina''s Dragon-type and Ghost-type moves by 20%, and transforms it into Origin Forme.'),
(443, 'EN', 'Vs. Recorder', 'Records wireless, Wi-Fi, or Battle Frontier battles, and stores points.'),
(444, 'EN', 'Gracidea', 'Changes an unfrozen Shaymin to Sky Forme in the day.'),
(445, 'EN', 'Secret Key', 'Gen IV: The key to Rotom''s appliance room. Gen III: The key to Cinnabar Gym.'),
(446, 'EN', 'Apricorn Box', 'Holds Apricorns.'),
(447, 'EN', 'Berry Pots', 'Allows portable berry growing.'),
(448, 'EN', 'Squirt Bottle', 'Use on Sudowoodo blocking the path on Route 36. Also waters berries.'),
(449, 'EN', 'Lure Ball', '3x effectiveness while fishing. Made from Blu Apricorn.'),
(450, 'EN', 'Level Ball', 'Success rate based off of fraction target Pokémon is of user''s Pokémon. Made from Red Apricorn.'),
(451, 'EN', 'Moon Ball', '4x effectiveness on familes of Pokémon with a Moon Stone evolution. Made from Ylw Apricorn.'),
(452, 'EN', 'Heavy Ball', 'Has flat bonus or penalty to catch rate depending on weight class of target. Made from Blk Apricorn.'),
(453, 'EN', 'Fast Ball', '4x effectiveness on Pokémon with 100 or greater base speed. (Gen II: Roaming or Fleeing Pokémon). Made from Wht Apricorn.'),
(454, 'EN', 'Friend Ball', 'Caught Pokémon start with 200 happiness. Made from Grn Apricorn.'),
(455, 'EN', 'Love Ball', '8x effectiveness on opposite sex, same species targets of the Active Pokémon. Made from Pnk Apricorn.'),
(456, 'EN', 'Park Ball', 'Catches Pokémon in the Pal Park every time.'),
(457, 'EN', 'Sport Ball', 'Tries to catch a Pokémon in the Bug-Catching contest in National Park. (Gen II: Park Ball)'),
(458, 'EN', 'Red Apricorn', 'Used to make a Level Ball.'),
(459, 'EN', 'Blue Apricorn', 'Used to make a Lure Ball.'),
(460, 'EN', 'Yellow Apricorn', 'Used to make a Moon Ball.'),
(461, 'EN', 'Green Apricorn', 'Used to make a Friend Ball.'),
(462, 'EN', 'Pink Apricorn', 'Used to make a Love Ball.'),
(463, 'EN', 'White Apricorn', 'Used to make a Fast Ball.'),
(464, 'EN', 'Black Apricorn', 'Used to make a Heavy Ball.'),
(465, 'EN', 'Dowsing Machine', 'Use to find hidden items on the field. AKA Itemfinder.'),
(466, 'EN', 'Rage Candy Bar', 'HS: Traded for TM64. Gen II & Gen V: Acts as a Potion.'),
(467, 'EN', 'Red Orb', 'Summons Groudon to the Embedded Tower.'),
(468, 'EN', 'Blue Orb', 'Summons Kyogre to the Embedded Tower.'),
(469, 'EN', 'Jade Orb', 'Summons Rayquaza to the Embedded Tower.'),
(470, 'EN', 'Enigma Stone', 'S: Summons Latias H: Summons Latios.'),
(471, 'EN', 'Unown Report', 'Keeps track of Unown types caught.'),
(472, 'EN', 'Blue Card', 'Keeps track of points from Buena''s show.'),
(473, 'EN', 'Slowpoke Tail', 'A tasty tail that sells for a high price.'),
(474, 'EN', 'Clear Bell', 'HS: Allows Kimono-girls to summon Ho-oh. C: Summons Suicune to the Tin Tower.'),
(475, 'EN', 'Card Key', 'HS: Opens doors in the Radio Tower. Gen III: Unlocks Silph Co Doors.'),
(476, 'EN', 'Basement Key', 'HS: Key to the tunnel under Goldenrod City. Gen III: Key to New Mauville.'),
(477, 'EN', 'Red Scale', 'Trade to Mr. Pokémon for an Exp. Share.'),
(478, 'EN', 'Lost Item', 'A Poké Doll lost by the Copycat who lives in Saffron City. Trade for a Pass.'),
(479, 'EN', 'Pass', 'Grants access to ride the Magnet Train between Goldenrod City and Saffron City.'),
(480, 'EN', 'Machine Part', 'Must be replaced in the Power Plant to power the Magnet Train.'),
(481, 'EN', 'Silver Wing', 'Summons Lugia to the Whirl Islands.'),
(482, 'EN', 'Rainbow Wing', 'Summons Ho-Oh at the top of the Bell Tower.'),
(483, 'EN', 'Mystery Egg', 'Deliver to Professor Elm.'),
(484, 'EN', 'GB Sounds', 'Use to listen to GameBoy era audio.'),
(485, 'EN', 'Tidal Bell', 'Allows Kimono-girls to summon Lugia.'),
(486, 'EN', 'Data Card 01', 'Records the number of times the trainer has come in first place overall in the Pokéathlon.'),
(487, 'EN', 'Data Card 02', 'Records the number of times the trainer has come in last place overall in the Pokéathlon.'),
(488, 'EN', 'Data Card 03', 'Records the number of times the trainer''s Pokémon have dashed in the Pokéathlon.'),
(489, 'EN', 'Data Card 04', 'Records the number of times the trainer''s Pokémon have jumped in the Pokéathlon.'),
(490, 'EN', 'Data Card 05', 'Records the number of times the trainer has come in first in the Pokéathlon Hurdle Dash.'),
(491, 'EN', 'Data Card 06', 'Records the number of times the trainer has come in first in the Pokéathlon Relay Run.'),
(492, 'EN', 'Data Card 07', 'Records the number of times the trainer has come in first in the Pokéathlon Pennant Capture.'),
(493, 'EN', 'Data Card 08', 'Records the number of times the trainer has come in first in the Pokéathlon Block Smash.'),
(494, 'EN', 'Data Card 09', 'Records the number of times the trainer has come in first in the Pokéathlon Disc Catch.'),
(495, 'EN', 'Data Card 10', 'Records the number of times the trainer has come in first in the Pokéathlon Snow Throw.'),
(496, 'EN', 'Data Card 11', 'Records the number of points the trainer has earned in the Pokéathlon.'),
(497, 'EN', 'Data Card 12', 'Records the number of times the trainer''s Pokémon have messed up in the Pokéathlon.'),
(498, 'EN', 'Data Card 13', 'Records the number of times the trainer''s Pokémon have defeated themselves in the Pokéathlon.'),
(499, 'EN', 'Data Card 14', 'Records the number of times the trainer''s Pokémon have tackled in the Pokéathlon.'),
(500, 'EN', 'Data Card 15', 'Records the number of times the trainer''s Pokémon have fallen in the Pokéathlon.'),
(501, 'EN', 'Data Card 16', 'Records the number of times the trainer has come in first in the Pokéathlon Ring Drop.'),
(502, 'EN', 'Data Card 17', 'Records the number of times the trainer has come in first in the Pokéathlon Lamp Jump.'),
(503, 'EN', 'Data Card 18', 'Records the number of times the trainer has come in first in the Pokéathlon Circle Push.'),
(504, 'EN', 'Data Card 19', 'Records the number of times the trainer has come in first place overall in the Pokéathlon over wirelss.'),
(505, 'EN', 'Data Card 20', 'Records the number of times the trainer has come in last place overall in the Pokéathlon over wireless.'),
(506, 'EN', 'Data Card 21', 'Records the number of times the trainer has come in first across all Pokéathlon events.'),
(507, 'EN', 'Data Card 22', 'Records the number of times the trainer has come in last across all Pokéathlon events.'),
(508, 'EN', 'Data Card 23', 'Records the number of times the trainer has switched Pokémon in the Pokéathlon.'),
(509, 'EN', 'Data Card 24', 'Records the number of times the trainer has come in first in the Pokéathlon Goal Roll.'),
(510, 'EN', 'Data Card 25', 'Records the number of times the trainer''s Pokémon received prizes in the Pokéathlon.'),
(511, 'EN', 'Data Card 26', 'Records the number of times the trainer has instructed Pokémon in the Pokéathlon.'),
(512, 'EN', 'Data Card 27', 'Records the total time spent in the Pokéathlon.'),
(513, 'EN', 'Lock Capsule', 'Contains TM95 (Snarl).'),
(514, 'EN', 'Photo Album', 'Stores photos from your adventure.'),
(515, 'EN', 'Orange Mail', 'Lets a Trainer write a message and send it via Pokémon trade.'),
(516, 'EN', 'Harbor Mail', 'Lets a Trainer write a message and send it via Pokémon trade.'),
(517, 'EN', 'Glitter Mail', 'Lets a Trainer write a message and send it via Pokémon trade.'),
(518, 'EN', 'Mech Mail', 'Lets a Trainer write a message and send it via Pokémon trade.'),
(519, 'EN', 'Wood Mail', 'Lets a Trainer write a message and send it via Pokémon trade.'),
(520, 'EN', 'Wave Mail', 'Lets a Trainer write a message and send it via Pokémon trade.'),
(521, 'EN', 'Bead Mail', 'Lets a Trainer write a message and send it via Pokémon trade.'),
(522, 'EN', 'Shadow Mail', 'Lets a Trainer write a message and send it via Pokémon trade.'),
(523, 'EN', 'Tropic Mail', 'Lets a Trainer write a message and send it via Pokémon trade.'),
(524, 'EN', 'Dream Mail', 'Lets a Trainer write a message and send it via Pokémon trade.'),
(525, 'EN', 'Fab Mail', 'Lets a Trainer write a message and send it via Pokémon trade.'),
(526, 'EN', 'Retro Mail', 'Lets a Trainer write a message and send it via Pokémon trade.'),
(527, 'EN', 'Mach Bike', 'Faster than the Acro Bike, and can ride up sandy slopes and across cracked floors.'),
(528, 'EN', 'Acro Bike', 'More maneuverable than the Mach Bike, and allows hopping along rails.'),
(529, 'EN', 'Wailmer Pail', 'Used to water berries.'),
(530, 'EN', 'Devon Goods', 'Contains mechanical parts to be delivered to Captain Stern.'),
(531, 'EN', 'Soot Sack', 'Stores volcanic ash from Route 113.'),
(532, 'EN', 'Pokéblock Case', 'Holds Pokéblocks.'),
(533, 'EN', 'Letter', 'A letter to Steven from the Devon Corp president.'),
(534, 'EN', 'Eon Ticket', 'Provides access to Southern Island and Latias or Latios.'),
(535, 'EN', 'Scanner', 'Trade to Captain Stern for a DeepSeaTooth or DeepSeaScale.'),
(536, 'EN', 'Go-Goggles', 'Allows passage through windy deserts.'),
(537, 'EN', 'Meteorite', 'FL: Deliver to Lostelle''s father. RSE: Trade to Professor Cozmo for TM27 (Return).'),
(538, 'EN', 'Rm. 1 Key', 'Unlocks room 1 on the Abandoned Ship.'),
(539, 'EN', 'Rm. 2 Key', 'Unlocks room 2 on the Abandoned Ship.'),
(540, 'EN', 'Rm. 4 Key', 'Unlocks room 4 on the Abandoned Ship.'),
(541, 'EN', 'Rm. 6 Key', 'Unlocks room 6 on the Abandoned Ship.'),
(542, 'EN', 'Devon Scope', 'Allows spotting of invisible Kecleon.'),
(543, 'EN', 'Oak''s Parcel', 'Trade to Prof. Oak for a Pokédex.'),
(544, 'EN', 'Poké Flute', 'Use to awaken sleeping Pokémon, including Snorlax on roads.'),
(545, 'EN', 'Bike Voucher', 'Trade in Cerulean bike shop for a Bicycle.'),
(546, 'EN', 'Gold Teeth', 'The Safari Zone Warden''s dentures. Trade for HM04 (Strength).'),
(547, 'EN', 'Lift Key', 'Operates the elevator in Team Rocket''s Celadon Hideout.'),
(548, 'EN', 'Silph Scope', 'Used to identify the true forms of ghosts in Pokémon Tower.'),
(549, 'EN', 'Fame Checker', 'Records information about NPCs.'),
(550, 'EN', 'TM Case', 'Holds TMs.'),
(551, 'EN', 'Berry Pouch', 'Holds berries.'),
(552, 'EN', 'Teachy TV', 'Teachers basic trainer advice.'),
(553, 'EN', 'Tri-Pass', 'Grants access to the first three Sevii Islands.'),
(554, 'EN', 'Rainbow Pass', 'Grants access to all of the Sevii Islands.'),
(555, 'EN', 'Tea', 'Grants access to Saffron City.'),
(556, 'EN', 'MysticTicket', 'Allows access to Navel Rock and Lugia or Ho-oh.'),
(557, 'EN', 'AuroraTicket', 'Allows access to Birth Island and Deoxys.'),
(558, 'EN', 'Powder Jar', 'Stores Berry Powder made using a Berry Crusher.'),
(559, 'EN', 'Ruby', 'Give to Celio with Sapphire to activate Network Machine and get Rainbow Pass.'),
(560, 'EN', 'Sapphire', 'Give to Celio with Ruby to activate Network Machine and get Rainbow Pass.'),
(561, 'EN', 'Magma Emblem', 'Provides access to the Team Magma Hideout in the Jagged Pass.'),
(562, 'EN', 'Old Sea Map', 'Allows access to Faraway Island and Mew. Unreleased outside of Japan.'),
(563, 'EN', 'Douse Drive', 'Grants Genesect a blue, Water-type Techno Blast.'),
(564, 'EN', 'Shock Drive', 'Grants Genesect a yellow, Electric-type Techno Blast.'),
(565, 'EN', 'Burn Drive', 'Grants Genesect a red, Fire-type Techno Blast.'),
(566, 'EN', 'Chill Drive', 'Grants Genesect a white, Ice-type Techno Blast.'),
(567, 'EN', 'Sweet Heart', 'Restores 20 HP.'),
(568, 'EN', 'Greet Mail', 'Lets a Trainer write a message and send it via Pokémon trade.'),
(569, 'EN', 'Favored Mail', 'Lets a Trainer write a message and send it via Pokémon trade.'),
(570, 'EN', 'RSVP Mail', 'Lets a Trainer write a message and send it via Pokémon trade.'),
(571, 'EN', 'Thanks Mail', 'Lets a Trainer write a message and send it via Pokémon trade.'),
(572, 'EN', 'Inquiry Mail', 'Lets a Trainer write a message and send it via Pokémon trade.'),
(573, 'EN', 'Like Mail', 'Lets a Trainer write a message and send it via Pokémon trade.'),
(574, 'EN', 'Reply Mail', 'Lets a Trainer write a message and send it via Pokémon trade.'),
(575, 'EN', 'Bridge Mail S', 'Lets a Trainer write a message and send it via Pokémon trade.'),
(576, 'EN', 'Bridge Mail D', 'Lets a Trainer write a message and send it via Pokémon trade.'),
(577, 'EN', 'Bridge Mail T', 'Lets a Trainer write a message and send it via Pokémon trade.'),
(578, 'EN', 'Bridge Mail V', 'Lets a Trainer write a message and send it via Pokémon trade.'),
(579, 'EN', 'Bridge Mail M', 'Lets a Trainer write a message and send it via Pokémon trade.'),
(580, 'EN', 'Prism Scale', 'Traded on a Feebas: Holder evolves into Milotic.'),
(581, 'EN', 'Eviolite', 'Held: Holder has 1.5x Defense and Special Defense, as long as it''s not fully evolved.'),
(582, 'EN', 'Float Stone', 'Held: Holder has 0.5x weight.'),
(583, 'EN', 'Rocky Helmet', 'Held: When the holder is hit by a contact move, the attacking Pokémon takes 1/6 its max HP in damage.'),
(584, 'EN', 'Air Balloon', 'Held: Grants immunity to Ground-type moves, Spikes, and Toxic Spikes. Consumed when the holder takes damage from a move.'),
(585, 'EN', 'Red Card', 'Held: When the holder takes damage from a move, the opponent switches out for another random party Pokémon. Consumed after use.'),
(586, 'EN', 'Ring Target', 'Held: Negates the holder''s type immunities. Ability immunities are not removed.'),
(587, 'EN', 'Binding Band', 'Held: Doubles the per-turn damage of multi-turn trapping moves.'),
(588, 'EN', 'Absorb Bulb', 'Held: Raises the holder''s Special Attack by one stage when it takes Water-type damage.'),
(589, 'EN', 'Cell Battery', 'Held: Raises the holder''s Attack by one stage when it takes Electric-type damage.'),
(590, 'EN', 'Eject Button', 'Held: When the holder takes damage from a move, it switches out for a party Pokémon of the Trainer''s choice.'),
(591, 'EN', 'Fire Gem', 'Held: When the holder uses a damaging []{type:fire}-type move, the move has 1.5x power and this item is consumed.'),
(592, 'EN', 'Water Gem', 'Held: When the holder uses a damaging []{type:water}-type move, the move has 1.5x power and this item is consumed.'),
(593, 'EN', 'Electric Gem', 'Held: When the holder uses a damaging []{type:electric}-type move, the move has 1.5x power and this item is consumed.'),
(594, 'EN', 'Grass Gem', 'Held: When the holder uses a damaging []{type:grass}-type move, the move has 1.5x power and this item is consumed.'),
(595, 'EN', 'Ice Gem', 'Held: When the holder uses a damaging []{type:ice}-type move, the move has 1.5x power and this item is consumed.'),
(596, 'EN', 'Fighting Gem', 'Held: When the holder uses a damaging []{type:fighting}-type move, the move has 1.5x power and this item is consumed.'),
(597, 'EN', 'Poison Gem', 'Held: When the holder uses a damaging []{type:poison}-type move, the move has 1.5x power and this item is consumed.'),
(598, 'EN', 'Ground Gem', 'Held: When the holder uses a damaging []{type:ground}-type move, the move has 1.5x power and this item is consumed.'),
(599, 'EN', 'Flying Gem', 'Held: When the holder uses a damaging []{type:flying}-type move, the move has 1.5x power and this item is consumed.'),
(600, 'EN', 'Psychic Gem', 'Held: When the holder uses a damaging []{type:psychic}-type move, the move has 1.5x power and this item is consumed.'),
(601, 'EN', 'Bug Gem', 'Held: When the holder uses a damaging []{type:bug}-type move, the move has 1.5x power and this item is consumed.'),
(602, 'EN', 'Rock Gem', 'Held: When the holder uses a damaging []{type:rock}-type move, the move has 1.5x power and this item is consumed.'),
(603, 'EN', 'Ghost Gem', 'Held: When the holder uses a damaging []{type:ghost}-type move, the move has 1.5x power and this item is consumed.'),
(604, 'EN', 'Dark Gem', 'Held: When the holder uses a damaging []{type:dark}-type move, the move has 1.5x power and this item is consumed.'),
(605, 'EN', 'Steel Gem', 'Held: When the holder uses a damaging []{type:steel}-type move, the move has 1.5x power and this item is consumed.'),
(606, 'EN', 'Health Wing', 'Increases [HP]{mechanic:hp} [effort]{mechanic:effort} by 1.'),
(607, 'EN', 'Muscle Wing', 'Increases [Attack]{mechanic:attack} [effort]{mechanic:effort} by 1.'),
(608, 'EN', 'Resist Wing', 'Increases [Defense]{mechanic:defense} [effort]{mechanic:effort} by 1.'),
(609, 'EN', 'Genius Wing', 'Increases [Special Attack]{mechanic:special-attack} [effort]{mechanic:effort} by 1.'),
(610, 'EN', 'Clever Wing', 'Increases [Special Defense]{mechanic:special-defense} [effort]{mechanic:effort} by 1.'),
(611, 'EN', 'Swift Wing', 'Increases [Speed]{mechanic:speed} [effort]{mechanic:effort} by 1.'),
(612, 'EN', 'Pretty Wing', 'Sell for 100 Pokédollars.'),
(613, 'EN', 'Cover Fossil', 'Can be revived into a []{pokemon:tirtouga}.'),
(614, 'EN', 'Plume Fossil', 'Can be revived into a []{pokemon:archen}.'),
(615, 'EN', 'Liberty Pass', 'Allows access to Liberty Garden and Victini.'),
(616, 'EN', 'Pass Orb', 'Activates Pass Powers.'),
(617, 'EN', 'Dream Ball', 'Catches Pokémon found in the Dream World.'),
(618, 'EN', 'Poké Toy', 'Ends a wild battle.'),
(619, 'EN', 'Prop Case', 'Stores props for the Pokémon Musical.'),
(620, 'EN', 'Dragon Skull', 'Return to the museum in Nacrene City.'),
(621, 'EN', 'Balm Mushroom', 'Sell to Hungry Maid for 25000 Pokédollars.'),
(622, 'EN', 'Big Nugget', 'Sell to Ore Collector for 30000 Pokédollars.'),
(623, 'EN', 'Pearl String', 'Sell to Ore Collector for 25000 Pokédollars.'),
(624, 'EN', 'Comet Shard', 'Sell to Ore Collector for 60000 Pokédollars.'),
(625, 'EN', 'Relic Copper', 'Sell to Villa Owner for 1000 Pokédollars.'),
(626, 'EN', 'Relic Silver', 'Sell to Villa Owner 5000 Pokédollars.'),
(627, 'EN', 'Relic Gold', 'Sell to Villa Owner 10000 Pokédollars.'),
(628, 'EN', 'Relic Vase', 'Sell to Villa Owner 50000 Pokédollars.'),
(629, 'EN', 'Relic Band', 'Sell to Villa Owner for 100000 Pokédollars.'),
(630, 'EN', 'Relic Statue', 'Sell to Villa Owner 200000 Pokédollars.'),
(631, 'EN', 'Relic Crown', 'Sell to Villa Owner for 300000 Pokédollars.'),
(632, 'EN', 'Casteliacone', 'Cures any status ailment and confusion.'),
(633, 'EN', 'Dire Hit 2', 'Raises [critical hit]{mechanic:critical-hit} rate by two [stages]{mechanic:stage} in battle. Wonder Launcher only.'),
(634, 'EN', 'X Speed 2', 'Raises [Speed]{mechanic:speed} by two [stages]{mechanic:stage} in battle. Wonder Launcher only.'),
(635, 'EN', 'X Sp. Atk 2', 'Raises [Special Attack]{mechanic:special-attack} by two [stages]{mechanic:stage} in battle. Wonder Launcher only.'),
(636, 'EN', 'X Sp. Def 2', 'Raises [Special Defense]{mechanic:special-defense} by two [stages]{mechanic:stage} in battle. Wonder Launcher only.'),
(637, 'EN', 'X Defense 2', 'Raises [Defense]{mechanic:defense} by two [stages]{mechanic:stage} in battle. Wonder Launcher only.'),
(638, 'EN', 'X Attack 2', 'Raises [Attack]{mechanic:attack} by two [stages]{mechanic:stage} in battle. Wonder Launcher only.'),
(639, 'EN', 'X Accuracy 2', 'Raises [accuracy]{mechanic:accuracy} by two [stages]{mechanic:stage} in battle. Wonder Launcher only.'),
(640, 'EN', 'X Speed 3', 'Raises [Speed]{mechanic:speed} by three [stages]{mechanic:stage} in battle. Wonder Launcher only.'),
(641, 'EN', 'X Sp. Atk 3', 'Raises [Special Attack]{mechanic:special-attack} by three [stages]{mechanic:stage} in battle. Wonder Launcher only.'),
(642, 'EN', 'X Sp. Def 3', 'Raises [Special Defense]{mechanic:special-defense} by three [stages]{mechanic:stage} in battle. Wonder Launcher only.'),
(643, 'EN', 'X Defense 3', 'Raises [Defense]{mechanic:defense} by three [stages]{mechanic:stage} in battle. Wonder Launcher only.'),
(644, 'EN', 'X Attack 3', 'Raises [Attack]{mechanic:attack} by three [stages]{mechanic:stage} in battle. Wonder Launcher only.'),
(645, 'EN', 'X Accuracy 3', 'Raises [accuracy]{mechanic:accuracy} by three [stages]{mechanic:stage} in battle. Wonder Launcher only.'),
(646, 'EN', 'X Speed 6', 'Raises [Speed]{mechanic:speed} by six [stages]{mechanic:stage} in battle. Wonder Launcher only.'),
(647, 'EN', 'X Sp. Atk 6', 'Raises [Special Attack]{mechanic:special-attack} by six [stages]{mechanic:stage} in battle. Wonder Launcher only.'),
(648, 'EN', 'X Sp. Def 6', 'Raises [Special Defense]{mechanic:special-defense} by six [stages]{mechanic:stage} in battle. Wonder Launcher only.'),
(649, 'EN', 'X Defense 6', 'Raises [Defense]{mechanic:defense} by six [stages]{mechanic:stage} in battle. Wonder Launcher only.'),
(650, 'EN', 'X Attack 6', 'Raises [Attack]{mechanic:attack} by six [stages]{mechanic:stage} in battle. Wonder Launcher only.'),
(651, 'EN', 'X Accuracy 6', 'Raises [accuracy]{mechanic:accuracy} by six [stages]{mechanic:stage} in battle. Wonder Launcher only.'),
(652, 'EN', 'Ability Urge', 'Forcibly activates a friendly Pokémon''s ability.'),
(653, 'EN', 'Item Drop', 'Forces a friendly Pokémon to drop its held item.'),
(654, 'EN', 'Item Urge', 'Forcibly activates a friendly Pokémon''s held item.'),
(655, 'EN', 'Reset Urge', 'Resets a friendly Pokémon''s stat changes.'),
(656, 'EN', 'Dire Hit 3', 'Raises [critical hit]{mechanic:critical-hit} rate by three [stages]{mechanic:stage} in battle. Wonder Launcher only.'),
(657, 'EN', 'Light Stone', 'Summons Reshiram for the final battle against N.'),
(658, 'EN', 'Dark Stone', 'Summons Zekrom for the final battle against N.'),
(659, 'EN', 'TM93', 'Teaches Wild Charge to a compatible Pokémon.'),
(660, 'EN', 'TM94', 'Teaches Rock Smash to a compatible Pokémon.'),
(661, 'EN', 'TM95', 'Teaches Snarl to a compatible Pokémon.'),
(662, 'EN', 'Xtransceiver', 'Makes four-way video calls.'),
(663, 'EN', 'god stone', 'Unknown. Currently unused.'),
(664, 'EN', 'Gram 1', 'Part of a sidequest to obtain []{item:tm89}.'),
(665, 'EN', 'Gram 2', 'Part of a sidequest to obtain []{item:tm89}.'),
(666, 'EN', 'Gram 3', 'Part of a sidequest to obtain []{item:tm89}.'),
(668, 'EN', 'Dragon Gem', 'Held: When the holder uses a damaging []{type:dragon}-type move, the move has 1.5x power and this item is consumed.'),
(669, 'EN', 'Normal Gem', 'Held: When the holder uses a damaging []{type:normal}-type move, the move has 1.5x power and this item is consumed.'),
(670, 'EN', 'Medal Box', 'Holds medals recieved in the medal rally.'),
(671, 'EN', 'DNA Splicers', 'Fuses Kyurem with Reshiram or Zekrom, or splits them apart again.'),
(673, 'EN', 'Permit', 'Grants access to the Nature Preserve.'),
(674, 'EN', 'Oval Charm', 'Doubles the chance of two Pokémon producing an egg at the daycare every 255 steps.'),
(675, 'EN', 'Shiny Charm', 'Raises the chance of finding a shiny Pokémon.'),
(676, 'EN', 'Plasma Card', 'Required to progress in the Plasma Frigate.'),
(677, 'EN', 'Grubby Hanky', 'Appears in the Café Warehouse on Sunday; return to the customer with a Patrat on Thursday.'),
(678, 'EN', 'Colress Machine', 'Wakes up the Crustle blocking the way in Seaside Cave.'),
(679, 'EN', 'Dropped Item', 'Returned to Curtis or Yancy as part of a sidequest.'),
(681, 'EN', 'Reveal Glass', 'Switches Tornadus, Thundurus, and Landorus between Incarnate and Therian Forme.'),
(682, 'EN', 'Weakness Policy', ''),
(683, 'EN', 'Assault Vest', ''),
(684, 'EN', 'Pixie Plate', ''),
(685, 'EN', 'Ability Capsule', ''),
(686, 'EN', 'Whipped Dream', ''),
(687, 'EN', 'Sachet', ''),
(688, 'EN', 'Luminous Moss', ''),
(689, 'EN', 'Snowball', ''),
(690, 'EN', 'Safety Goggles', ''),
(691, 'EN', 'Rich Mulch', ''),
(692, 'EN', 'Surprise Mulch', ''),
(693, 'EN', 'Boost Mulch', ''),
(694, 'EN', 'Amaze Mulch', ''),
(695, 'EN', 'Gengarite', ''),
(696, 'EN', 'Gardevoirite', ''),
(697, 'EN', 'Ampharosite', ''),
(698, 'EN', 'Venusaurite', ''),
(699, 'EN', 'Charizardite X', ''),
(700, 'EN', 'Blastoisinite', ''),
(701, 'EN', 'Mewtwonite X', ''),
(702, 'EN', 'Mewtwonite Y', ''),
(703, 'EN', 'Blazikenite', ''),
(704, 'EN', 'Medichamite', ''),
(705, 'EN', 'Houndoominite', ''),
(706, 'EN', 'Aggronite', ''),
(707, 'EN', 'Banettite', ''),
(708, 'EN', 'Tyranitarite', ''),
(709, 'EN', 'Scizorite', ''),
(710, 'EN', 'Pinsirite', ''),
(711, 'EN', 'Aerodactylite', ''),
(712, 'EN', 'Lucarionite', ''),
(713, 'EN', 'Abomasite', ''),
(714, 'EN', 'Kangaskhanite', ''),
(715, 'EN', 'Gyaradosite', ''),
(716, 'EN', 'Absolite', ''),
(717, 'EN', 'Charizardite Y', ''),
(718, 'EN', 'Alakazite', ''),
(719, 'EN', 'Heracronite', ''),
(720, 'EN', 'Mawilite', ''),
(721, 'EN', 'Manectite', ''),
(722, 'EN', 'Garchompite', ''),
(723, 'EN', 'Roseli Berry', ''),
(724, 'EN', 'Kee Berry', ''),
(725, 'EN', 'Maranga Berry', ''),
(726, 'EN', 'Discount Coupon', ''),
(727, 'EN', 'Strange Souvenir', ''),
(728, 'EN', 'Lumiose Galette', ''),
(729, 'EN', 'Jaw Fossil', ''),
(730, 'EN', 'Sail Fossil', ''),
(731, 'EN', 'Fairy Gem', ''),
(732, 'EN', 'Adventure Rules', ''),
(733, 'EN', 'Elevator Key', ''),
(734, 'EN', 'Holo Caster', ''),
(735, 'EN', 'Honor of Kalos', ''),
(736, 'EN', 'Intriguing Stone', ''),
(737, 'EN', 'Lens Case', ''),
(738, 'EN', 'Looker Ticket', ''),
(739, 'EN', 'Mega Ring', ''),
(740, 'EN', 'Power Plant Pass', ''),
(741, 'EN', 'Prof''s Letter', ''),
(742, 'EN', 'Roller Skates', ''),
(743, 'EN', 'Sprinklotad', ''),
(744, 'EN', 'TMV Pass', ''),
(745, 'EN', 'TM96', 'Teaches Nature Power to a compatible Pokémon.'),
(746, 'EN', 'TM97', 'Teaches Dark Pulse to a compatible Pokémon.'),
(747, 'EN', 'TM98', 'Teaches Power-Up Punch to a compatible Pokémon.'),
(748, 'EN', 'TM99', 'Teaches Dazzling Gleam to a compatible Pokémon.'),
(749, 'EN', 'TM100', 'Teaches Confide to a compatible Pokémon.'),
(1, 'FR', 'Master Ball', ''),
(2, 'FR', 'Hyper Ball', ''),
(3, 'FR', 'Super Ball', ''),
(4, 'FR', 'Poké Ball', ''),
(5, 'FR', 'Safari Ball', ''),
(6, 'FR', 'Filet Ball', ''),
(7, 'FR', 'Scuba Ball', ''),
(8, 'FR', 'Faiblo Ball', ''),
(9, 'FR', 'Bis Ball', ''),
(10, 'FR', 'Chrono Ball', ''),
(11, 'FR', 'Luxe Ball', ''),
(12, 'FR', 'Honor Ball', ''),
(13, 'FR', 'Sombre Ball', ''),
(14, 'FR', 'Soin Ball', ''),
(15, 'FR', 'Rapide Ball', ''),
(16, 'FR', 'Mémoire Ball', ''),
(17, 'FR', 'Potion', ''),
(18, 'FR', 'Antidote', ''),
(19, 'FR', 'Anti-Brûle', ''),
(20, 'FR', 'Antigel', ''),
(21, 'FR', 'Réveil', ''),
(22, 'FR', 'Anti-Para', ''),
(23, 'FR', 'Guérison', ''),
(24, 'FR', 'Potion Max', ''),
(25, 'FR', 'Hyper Potion', ''),
(26, 'FR', 'Super Potion', ''),
(27, 'FR', 'Total Soin', ''),
(28, 'FR', 'Rappel', ''),
(29, 'FR', 'Rappel Max', ''),
(30, 'FR', 'Eau Fraîche', ''),
(31, 'FR', 'Soda Cool', ''),
(32, 'FR', 'Limonade', ''),
(33, 'FR', 'Lait Meumeu', ''),
(34, 'FR', 'Poudrénergie', ''),
(35, 'FR', 'Racinénergie', ''),
(36, 'FR', 'Poudre Soin', ''),
(37, 'FR', 'Herbe Rappel', ''),
(38, 'FR', 'Huile', ''),
(39, 'FR', 'Huile Max', ''),
(40, 'FR', 'Élixir', ''),
(41, 'FR', 'Max Élixir', ''),
(42, 'FR', 'Lava Cookie', ''),
(43, 'FR', 'Jus de Baie', ''),
(44, 'FR', 'Cendre Sacrée', ''),
(45, 'FR', 'PV Plus', ''),
(46, 'FR', 'Protéine', ''),
(47, 'FR', 'Fer', ''),
(48, 'FR', 'Carbone', ''),
(49, 'FR', 'Calcium', ''),
(50, 'FR', 'Super Bonbon', ''),
(51, 'FR', 'PP Plus', ''),
(52, 'FR', 'Zinc', ''),
(53, 'FR', 'PP Max', ''),
(54, 'FR', 'Vieux Gâteau', ''),
(55, 'FR', 'Défense Spéciale', ''),
(56, 'FR', 'Muscle +', ''),
(57, 'FR', 'Attaque +', ''),
(58, 'FR', 'Défense +', ''),
(59, 'FR', 'Vitesse +', ''),
(60, 'FR', 'Précision +', ''),
(61, 'FR', 'Spécial +', ''),
(62, 'FR', 'Déf. Spé. +', ''),
(63, 'FR', 'Poképoupée', ''),
(64, 'FR', 'Queue Skitty', ''),
(65, 'FR', 'Flûte Bleue', ''),
(66, 'FR', 'Flûte Jaune', ''),
(67, 'FR', 'Flûte Rouge', ''),
(68, 'FR', 'Flûte Noire', ''),
(69, 'FR', 'Flûte Blanche', ''),
(70, 'FR', 'Sel Tréfonds', ''),
(71, 'FR', 'CoquilleTréfonds', ''),
(72, 'FR', 'Tesson Rouge', ''),
(73, 'FR', 'Tesson Bleu', ''),
(74, 'FR', 'Tesson Jaune', ''),
(75, 'FR', 'Tesson Vert', ''),
(76, 'FR', 'Superepousse', ''),
(77, 'FR', 'Max Repousse', ''),
(78, 'FR', 'Corde Sortie', ''),
(79, 'FR', 'Repousse', ''),
(80, 'FR', 'Pierre Soleil', ''),
(81, 'FR', 'Pierre Lune', ''),
(82, 'FR', 'Pierre Feu', ''),
(83, 'FR', 'Pierre Foudre', ''),
(84, 'FR', 'Pierre Eau', ''),
(85, 'FR', 'Pierre Plante', ''),
(86, 'FR', 'Petit Champi', ''),
(87, 'FR', 'Gros Champi', ''),
(88, 'FR', 'Perle', ''),
(89, 'FR', 'Grande Perle', ''),
(90, 'FR', 'Poussière Étoile', ''),
(91, 'FR', 'Morceau d''Étoile', ''),
(92, 'FR', 'Pépite', ''),
(93, 'FR', 'Écaille Cœur', ''),
(94, 'FR', 'Miel', ''),
(95, 'FR', 'Fertipousse', ''),
(96, 'FR', 'Fertihumide', ''),
(97, 'FR', 'Fertistable', ''),
(98, 'FR', 'Fertiglu', ''),
(99, 'FR', 'Fossile Racine', ''),
(100, 'FR', 'Fossile Griffe', ''),
(101, 'FR', 'Nautile', ''),
(102, 'FR', 'Fossile Dôme', ''),
(103, 'FR', 'Vieil Ambre', ''),
(104, 'FR', 'Fossile Armure', ''),
(105, 'FR', 'Fossile Crâne', ''),
(106, 'FR', 'Os Rare', ''),
(107, 'FR', 'Pierre Éclat', ''),
(108, 'FR', 'Pierre Nuit', ''),
(109, 'FR', 'Pierre Aube', ''),
(110, 'FR', 'Pierre Ovale', ''),
(111, 'FR', 'Clé de Voûte', ''),
(112, 'FR', 'Orbe Adamant', ''),
(113, 'FR', 'Orbe Perlé', ''),
(114, 'FR', 'Lettre Herbe', ''),
(115, 'FR', 'Lettre Feu', ''),
(116, 'FR', 'Lettre Mer', ''),
(117, 'FR', 'Lett. Pétale', ''),
(118, 'FR', 'Lettre Mine', ''),
(119, 'FR', 'Lettre Acier', ''),
(120, 'FR', 'Lettre Coeur', ''),
(121, 'FR', 'Lettre Neige', ''),
(122, 'FR', 'Lettre Cosmo', ''),
(123, 'FR', 'Lettre Avion', ''),
(124, 'FR', 'Lettremosaïk', ''),
(125, 'FR', 'Lettre Brik', ''),
(126, 'FR', 'Baie Ceriz', ''),
(127, 'FR', 'Baie Maron', ''),
(128, 'FR', 'Baie Pêcha', ''),
(129, 'FR', 'Baie Fraive', ''),
(130, 'FR', 'Baie Willia', ''),
(131, 'FR', 'Baie Mepo', ''),
(132, 'FR', 'Baie Oran', ''),
(133, 'FR', 'Baie Kika', ''),
(134, 'FR', 'Baie Prine', ''),
(135, 'FR', 'Baie Sitrus', ''),
(136, 'FR', 'Baie Figuy', ''),
(137, 'FR', 'Baie Wiki', ''),
(138, 'FR', 'Baie Mago', ''),
(139, 'FR', 'Baie Gowav', ''),
(140, 'FR', 'Baie Papaya', ''),
(141, 'FR', 'Baie Framby', ''),
(142, 'FR', 'Baie Remu', ''),
(143, 'FR', 'Baie Nanab', ''),
(144, 'FR', 'Baie Repoi', ''),
(145, 'FR', 'Baie Nanana', ''),
(146, 'FR', 'Baie Grena', ''),
(147, 'FR', 'Baie Alga', ''),
(148, 'FR', 'Baie Qualot', ''),
(149, 'FR', 'Baie Lonme', ''),
(150, 'FR', 'Baie Résin', ''),
(151, 'FR', 'Baie Tamato', ''),
(152, 'FR', 'Baie Siam', ''),
(153, 'FR', 'Baie Mangou', ''),
(154, 'FR', 'Baie Rabuta', ''),
(155, 'FR', 'Baie Tronci', ''),
(156, 'FR', 'Baie Kiwan', ''),
(157, 'FR', 'Baie Palma', ''),
(158, 'FR', 'Baie Stekpa', ''),
(159, 'FR', 'Baie Durin', ''),
(160, 'FR', 'Baie Myrte', ''),
(161, 'FR', 'Baie Chocco', ''),
(162, 'FR', 'Baie Pocpoc', ''),
(163, 'FR', 'Baie Parma', ''),
(164, 'FR', 'Baie Ratam', ''),
(165, 'FR', 'Baie Nanone', ''),
(166, 'FR', 'Baie Pomroz', ''),
(167, 'FR', 'Baie Kébia', ''),
(168, 'FR', 'Baie Jouca', ''),
(169, 'FR', 'Baie Cobaba', ''),
(170, 'FR', 'Baie Yapap', ''),
(171, 'FR', 'Baie Panga', ''),
(172, 'FR', 'Baie Charti', ''),
(173, 'FR', 'Baie Sédra', ''),
(174, 'FR', 'Baie Fraigo', ''),
(175, 'FR', 'Baie Lampou', ''),
(176, 'FR', 'Baie Babiri', ''),
(177, 'FR', 'Baie Zalis', ''),
(178, 'FR', 'Baie Lichii', ''),
(179, 'FR', 'Baie Lingan', ''),
(180, 'FR', 'Baie Sailak', ''),
(181, 'FR', 'Baie Pitaye', ''),
(182, 'FR', 'Baie Abriko', ''),
(183, 'FR', 'Baie Lansat', ''),
(184, 'FR', 'Baie Frista', ''),
(185, 'FR', 'Baie Enigma', ''),
(186, 'FR', 'Baie Micle', ''),
(187, 'FR', 'Baie Chérim', ''),
(188, 'FR', 'Baie Jaboca', ''),
(189, 'FR', 'Baie Pommo', ''),
(190, 'FR', 'Poudre Claire', ''),
(191, 'FR', 'Herbe Blanche', ''),
(192, 'FR', 'Bracelet Macho', ''),
(193, 'FR', 'Multi Exp', ''),
(194, 'FR', 'Vive Griffe', ''),
(195, 'FR', 'Grelot Zen', ''),
(196, 'FR', 'Herbe Mental', ''),
(197, 'FR', 'Bandeau Choix', ''),
(198, 'FR', 'Roche Royale', ''),
(199, 'FR', 'Poudre Argentée', ''),
(200, 'FR', 'Pièce Rune', ''),
(201, 'FR', 'Rune Purifiante', ''),
(202, 'FR', 'Rosée Âme', ''),
(203, 'FR', 'Dent Océan', ''),
(204, 'FR', 'Écaille Océan', ''),
(205, 'FR', 'Boule Fumée', ''),
(206, 'FR', 'Pierre Stase', ''),
(207, 'FR', 'Bandeau', ''),
(208, 'FR', 'Œuf Chance', ''),
(209, 'FR', 'Lentilscope', ''),
(210, 'FR', 'Peau Métal', ''),
(211, 'FR', 'Restes', ''),
(212, 'FR', 'Écaille Draco', ''),
(213, 'FR', 'Balle Lumière', ''),
(214, 'FR', 'Sable Doux', ''),
(215, 'FR', 'Pierre Dure', ''),
(216, 'FR', 'Grain Miracle', ''),
(217, 'FR', 'Lunettes Noires', ''),
(218, 'FR', 'Ceinture Noire', ''),
(219, 'FR', 'Aimant', ''),
(220, 'FR', 'Eau Mystique', ''),
(221, 'FR', 'Bec Pointu', ''),
(222, 'FR', 'Pic Venin', ''),
(223, 'FR', 'Glace Éternelle', ''),
(224, 'FR', 'Rune Sort', ''),
(225, 'FR', 'Cuiller Tordue', ''),
(226, 'FR', 'Charbon', ''),
(227, 'FR', 'Croc Dragon', ''),
(228, 'FR', 'Mouchoir Soie', ''),
(229, 'FR', 'Améliorator', ''),
(230, 'FR', 'Grelot Coque', ''),
(231, 'FR', 'Encens Mer', ''),
(232, 'FR', 'Encens Doux', ''),
(233, 'FR', 'Poing Chance', ''),
(234, 'FR', 'Poudre Métal', ''),
(235, 'FR', 'Masse Os', ''),
(236, 'FR', 'Bâton', ''),
(237, 'FR', 'Foulard Rouge', ''),
(238, 'FR', 'Foulard Bleu', ''),
(239, 'FR', 'Foulard Rose', ''),
(240, 'FR', 'Foulard Vert', ''),
(241, 'FR', 'Foulard Jaune', ''),
(242, 'FR', 'Loupe', ''),
(243, 'FR', 'Bandeau Muscle', ''),
(244, 'FR', 'Lunettes Sages', ''),
(245, 'FR', 'Ceinture Pro', ''),
(246, 'FR', 'Lumargile', ''),
(247, 'FR', 'Orbe Vie', ''),
(248, 'FR', 'Herbe Pouvoir', ''),
(249, 'FR', 'Orbe Toxique', ''),
(250, 'FR', 'Orbe Flamme', ''),
(251, 'FR', 'Poudre Vite', ''),
(252, 'FR', 'Ceinture Force', ''),
(253, 'FR', 'Lentille Zoom', ''),
(254, 'FR', 'Métronome', ''),
(255, 'FR', 'Balle Fer', ''),
(256, 'FR', 'Ralentiqueue', ''),
(257, 'FR', 'Nœud Destin', ''),
(258, 'FR', 'Boue Noire', ''),
(259, 'FR', 'Roche Glace', ''),
(260, 'FR', 'Roche Lisse', ''),
(261, 'FR', 'Roche Chaude', ''),
(262, 'FR', 'Roche Humide', ''),
(263, 'FR', 'Accro Griffe', ''),
(264, 'FR', 'Mouchoir Choix', ''),
(265, 'FR', 'Piquants', ''),
(266, 'FR', 'Poignée Pouvoir', ''),
(267, 'FR', 'Ceinture Pouvoir', ''),
(268, 'FR', 'Lentille Pouvoir', ''),
(269, 'FR', 'Bandeau Pouvoir', ''),
(270, 'FR', 'Chaîne Pouvoir', ''),
(271, 'FR', 'Poids Pouvoir', ''),
(272, 'FR', 'Carapace Mue', ''),
(273, 'FR', 'Grosse Racine', ''),
(274, 'FR', 'Lunettes Choix', ''),
(275, 'FR', 'Plaque Flamme', ''),
(276, 'FR', 'Plaque Hydro', ''),
(277, 'FR', 'Plaque Volt', ''),
(278, 'FR', 'Plaque Herbe', ''),
(279, 'FR', 'Plaque Glace', ''),
(280, 'FR', 'Plaque Poing', ''),
(281, 'FR', 'Plaque Toxik', ''),
(282, 'FR', 'Plaque Terre', ''),
(283, 'FR', 'Plaque Ciel', ''),
(284, 'FR', 'Plaque Esprit', ''),
(285, 'FR', 'Plaque Insecte', ''),
(286, 'FR', 'Plaque Roc', ''),
(287, 'FR', 'Plaque Fantô', ''),
(288, 'FR', 'Plaque Draco', ''),
(289, 'FR', 'Plaque Ombre', ''),
(290, 'FR', 'Plaque Fer', ''),
(291, 'FR', 'Encens Bizarre', ''),
(292, 'FR', 'Encens Roc', ''),
(293, 'FR', 'Encens Plein', ''),
(294, 'FR', 'Encens Vague', ''),
(295, 'FR', 'Encens Fleur', ''),
(296, 'FR', 'Encens Veine', ''),
(297, 'FR', 'Encens Pur', ''),
(298, 'FR', 'Protecteur', ''),
(299, 'FR', 'Électriseur', ''),
(300, 'FR', 'Magmariseur', ''),
(301, 'FR', 'CD Douteux', ''),
(302, 'FR', 'Tissu Fauche', ''),
(303, 'FR', 'Griffe Rasoir', ''),
(304, 'FR', 'Croc Rasoir', ''),
(305, 'FR', 'CT01', ''),
(306, 'FR', 'CT02', ''),
(307, 'FR', 'CT03', ''),
(308, 'FR', 'CT04', ''),
(309, 'FR', 'CT05', ''),
(310, 'FR', 'CT06', ''),
(311, 'FR', 'CT07', ''),
(312, 'FR', 'CT08', ''),
(313, 'FR', 'CT09', ''),
(314, 'FR', 'CT10', ''),
(315, 'FR', 'CT11', ''),
(316, 'FR', 'CT12', ''),
(317, 'FR', 'CT13', ''),
(318, 'FR', 'CT14', ''),
(319, 'FR', 'CT15', ''),
(320, 'FR', 'CT16', ''),
(321, 'FR', 'CT17', ''),
(322, 'FR', 'CT18', ''),
(323, 'FR', 'CT19', ''),
(324, 'FR', 'CT20', ''),
(325, 'FR', 'CT21', ''),
(326, 'FR', 'CT22', ''),
(327, 'FR', 'CT23', ''),
(328, 'FR', 'CT24', ''),
(329, 'FR', 'CT25', ''),
(330, 'FR', 'CT26', ''),
(331, 'FR', 'CT27', ''),
(332, 'FR', 'CT28', ''),
(333, 'FR', 'CT29', ''),
(334, 'FR', 'CT30', ''),
(335, 'FR', 'CT31', ''),
(336, 'FR', 'CT32', ''),
(337, 'FR', 'CT33', ''),
(338, 'FR', 'CT34', ''),
(339, 'FR', 'CT35', ''),
(340, 'FR', 'CT36', ''),
(341, 'FR', 'CT37', ''),
(342, 'FR', 'CT38', ''),
(343, 'FR', 'CT39', ''),
(344, 'FR', 'CT40', ''),
(345, 'FR', 'CT41', ''),
(346, 'FR', 'CT42', ''),
(347, 'FR', 'CT43', ''),
(348, 'FR', 'CT44', ''),
(349, 'FR', 'CT45', ''),
(350, 'FR', 'CT46', ''),
(351, 'FR', 'CT47', ''),
(352, 'FR', 'CT48', ''),
(353, 'FR', 'CT49', ''),
(354, 'FR', 'CT50', ''),
(355, 'FR', 'CT51', ''),
(356, 'FR', 'CT52', ''),
(357, 'FR', 'CT53', ''),
(358, 'FR', 'CT54', ''),
(359, 'FR', 'CT55', ''),
(360, 'FR', 'CT56', ''),
(361, 'FR', 'CT57', ''),
(362, 'FR', 'CT58', ''),
(363, 'FR', 'CT59', ''),
(364, 'FR', 'CT60', ''),
(365, 'FR', 'CT61', ''),
(366, 'FR', 'CT62', ''),
(367, 'FR', 'CT63', ''),
(368, 'FR', 'CT64', ''),
(369, 'FR', 'CT65', ''),
(370, 'FR', 'CT66', ''),
(371, 'FR', 'CT67', ''),
(372, 'FR', 'CT68', ''),
(373, 'FR', 'CT69', ''),
(374, 'FR', 'CT70', ''),
(375, 'FR', 'CT71', ''),
(376, 'FR', 'CT72', ''),
(377, 'FR', 'CT73', ''),
(378, 'FR', 'CT74', ''),
(379, 'FR', 'CT75', ''),
(380, 'FR', 'CT76', ''),
(381, 'FR', 'CT77', ''),
(382, 'FR', 'CT78', ''),
(383, 'FR', 'CT79', ''),
(384, 'FR', 'CT80', ''),
(385, 'FR', 'CT81', ''),
(386, 'FR', 'CT82', ''),
(387, 'FR', 'CT83', ''),
(388, 'FR', 'CT84', ''),
(389, 'FR', 'CT85', ''),
(390, 'FR', 'CT86', ''),
(391, 'FR', 'CT87', ''),
(392, 'FR', 'CT88', ''),
(393, 'FR', 'CT89', ''),
(394, 'FR', 'CT90', ''),
(395, 'FR', 'CT91', ''),
(396, 'FR', 'CT92', ''),
(397, 'FR', 'CS01', ''),
(398, 'FR', 'CS02', ''),
(399, 'FR', 'CS03', ''),
(400, 'FR', 'CS04', ''),
(401, 'FR', 'CS05', ''),
(402, 'FR', 'CS06', ''),
(403, 'FR', 'CS07', ''),
(404, 'FR', 'CS08', ''),
(405, 'FR', 'Explorakit', ''),
(406, 'FR', 'Sac Butin', ''),
(407, 'FR', 'Livre Règles', ''),
(408, 'FR', 'Poké Radar', ''),
(409, 'FR', 'Carte Points', ''),
(410, 'FR', 'Journal', ''),
(411, 'FR', 'Boîte Sceaux', ''),
(412, 'FR', 'Coffret Mode', ''),
(413, 'FR', 'Sac Sceaux', ''),
(414, 'FR', 'Registre Ami', ''),
(415, 'FR', 'Clé Centrale', ''),
(416, 'FR', 'Vieux Grigri', ''),
(417, 'FR', 'Clé Galaxie', ''),
(418, 'FR', 'Chaîne Rouge', ''),
(419, 'FR', 'Carte', ''),
(420, 'FR', 'Cherche VS', ''),
(421, 'FR', 'Boîte Jetons', ''),
(422, 'FR', 'Canne', ''),
(423, 'FR', 'Super Canne', ''),
(424, 'FR', 'Méga Canne', ''),
(425, 'FR', 'Kwakarrosoir', ''),
(426, 'FR', 'Boîte Poffin', ''),
(427, 'FR', 'Bicyclette', ''),
(428, 'FR', 'Clé Chambre', ''),
(429, 'FR', 'Lettre Chen', ''),
(430, 'FR', 'Lun''Aile', ''),
(431, 'FR', 'Carte Membre', ''),
(432, 'FR', 'Flûte Azur', ''),
(433, 'FR', 'Passe Bateau', ''),
(434, 'FR', 'Passe Concours', ''),
(435, 'FR', 'Pierre Magma', ''),
(436, 'FR', 'Colis', ''),
(437, 'FR', 'Bon 1', ''),
(438, 'FR', 'Bon 2', ''),
(439, 'FR', 'Bon 3', ''),
(440, 'FR', 'Clé Stockage', ''),
(441, 'FR', 'Potion Secrète', ''),
(442, 'FR', 'Orbe Platiné', ''),
(443, 'FR', 'Magnéto VS', ''),
(444, 'FR', 'Gracidée', ''),
(445, 'FR', 'Clé Secrète', ''),
(446, 'FR', 'Boîte Noigrume', ''),
(447, 'FR', 'Plante-Baies', ''),
(448, 'FR', 'Carapuce à O', ''),
(449, 'FR', 'Appât Ball', ''),
(450, 'FR', 'Niveau Ball', ''),
(451, 'FR', 'Lune Ball', ''),
(452, 'FR', 'Masse Ball', ''),
(453, 'FR', 'Speed Ball', ''),
(454, 'FR', 'Copain Ball', ''),
(455, 'FR', 'Love Ball', ''),
(456, 'FR', 'Parc Ball', ''),
(457, 'FR', 'Compét''Ball', ''),
(458, 'FR', 'Noigrume Rge', ''),
(459, 'FR', 'Noigrume Blu', ''),
(460, 'FR', 'Noigrume Jne', ''),
(461, 'FR', 'Noigrume Ver', ''),
(462, 'FR', 'Noigrume Ros', ''),
(463, 'FR', 'Noigrume Blc', ''),
(464, 'FR', 'Noigrume Noi', ''),
(465, 'FR', 'Cherch''Objet', ''),
(466, 'FR', 'Bonbon Rage', ''),
(467, 'FR', 'Orbe Rouge', ''),
(468, 'FR', 'Orbe Bleu', ''),
(469, 'FR', 'Orbe Vert', ''),
(470, 'FR', 'Mystécristal', ''),
(471, 'FR', 'Carnet Zarbi', ''),
(472, 'FR', 'Carte Bleue', ''),
(473, 'FR', 'Queueramolos', ''),
(474, 'FR', 'Glas Transparent', ''),
(475, 'FR', 'Carte Magnétique', ''),
(476, 'FR', 'Clé Sous-Sol', ''),
(477, 'FR', 'Écaillerouge', ''),
(478, 'FR', 'Objet perdu', ''),
(479, 'FR', 'Passe Train', ''),
(480, 'FR', 'Partie Machine', ''),
(481, 'FR', 'Argent''Aile', ''),
(482, 'FR', 'Arcenci''Aile', ''),
(483, 'FR', 'Œuf Mystère', ''),
(484, 'FR', 'Lecteur GB', ''),
(485, 'FR', 'Glas Tempête', ''),
(486, 'FR', 'Carte Mémo01', ''),
(487, 'FR', 'Carte Mémo02', ''),
(488, 'FR', 'Carte Mémo03', ''),
(489, 'FR', 'Carte Mémo04', ''),
(490, 'FR', 'Carte Mémo05', ''),
(491, 'FR', 'Carte Mémo06', ''),
(492, 'FR', 'Carte Mémo07', ''),
(493, 'FR', 'Carte Mémo08', ''),
(494, 'FR', 'Carte Mémo09', ''),
(495, 'FR', 'Carte Mémo10', ''),
(496, 'FR', 'Carte Mémo11', ''),
(497, 'FR', 'Carte Mémo12', ''),
(498, 'FR', 'Carte Mémo13', ''),
(499, 'FR', 'Carte Mémo14', ''),
(500, 'FR', 'Carte Mémo15', ''),
(501, 'FR', 'Carte Mémo16', ''),
(502, 'FR', 'Carte Mémo17', ''),
(503, 'FR', 'Carte Mémo18', ''),
(504, 'FR', 'Carte Mémo19', ''),
(505, 'FR', 'Carte Mémo20', ''),
(506, 'FR', 'Carte Mémo21', ''),
(507, 'FR', 'Carte Mémo22', ''),
(508, 'FR', 'Carte Mémo23', ''),
(509, 'FR', 'Carte Mémo24', ''),
(510, 'FR', 'Carte Mémo25', ''),
(511, 'FR', 'Carte Mémo26', ''),
(512, 'FR', 'Carte Mémo27', ''),
(513, 'FR', 'Poké Écrin', ''),
(514, 'FR', 'Album Photo', ''),
(515, 'FR', 'Lettre Oranj', ''),
(516, 'FR', 'Lettre Port', ''),
(517, 'FR', 'Lettre Brill', ''),
(518, 'FR', 'Lettre Méca', ''),
(519, 'FR', 'Lettre Bois', ''),
(520, 'FR', 'Lettre Vague', ''),
(521, 'FR', 'Lettre Bulle', ''),
(522, 'FR', 'Lettre Ombre', ''),
(523, 'FR', 'Lettre Tropi', ''),
(524, 'FR', 'Lettre Songe', ''),
(525, 'FR', 'Lettre Cool', ''),
(526, 'FR', 'Lettre Retro', ''),
(527, 'FR', 'Vélo Course', ''),
(528, 'FR', 'Vélo Cross', ''),
(529, 'FR', 'Seau Wailmer', ''),
(530, 'FR', 'Pack Devon', ''),
(531, 'FR', 'Sac à Suie', ''),
(532, 'FR', 'Boîte Pokéblocs', ''),
(533, 'FR', 'Lettre', ''),
(534, 'FR', 'Passe Éon', ''),
(535, 'FR', 'Scanner', ''),
(536, 'FR', 'Lunet. Sable', ''),
(537, 'FR', 'Météorite', ''),
(538, 'FR', 'Clé Salle 1', ''),
(539, 'FR', 'Clé Salle 2', ''),
(540, 'FR', 'Clé Salle 4', ''),
(541, 'FR', 'Clé Salle 6', ''),
(542, 'FR', 'Devon Scope', ''),
(543, 'FR', 'Colis Chen', ''),
(544, 'FR', 'Pokéflûte', ''),
(545, 'FR', 'Bon Commande', ''),
(546, 'FR', 'Dent d''Or', ''),
(547, 'FR', 'Clé Asc.', ''),
(548, 'FR', 'Scope Sylphe', ''),
(549, 'FR', 'Memorydex', ''),
(550, 'FR', 'Boîte CT', ''),
(551, 'FR', 'Sac à Baies', ''),
(552, 'FR', 'TV ABC', ''),
(553, 'FR', 'Tri-Passe', ''),
(554, 'FR', 'Passe Prisme', ''),
(555, 'FR', 'Thé', ''),
(556, 'FR', 'Ticketmystik', ''),
(557, 'FR', 'Ticketaurora', ''),
(558, 'FR', 'Pot Poudre', ''),
(559, 'FR', 'Rubis', ''),
(560, 'FR', 'Saphir', ''),
(561, 'FR', 'Sceau Magma', ''),
(562, 'FR', 'Vieillecarte', ''),
(563, 'FR', 'Module Aqua', ''),
(564, 'FR', 'Module Choc', ''),
(565, 'FR', 'Module Pyro', ''),
(566, 'FR', 'Module Cryo', ''),
(567, 'FR', 'Chococœur', ''),
(568, 'FR', 'Lettre Salut', ''),
(569, 'FR', 'Lettre Fan', ''),
(570, 'FR', 'Lettre Invit', ''),
(571, 'FR', 'Lettre Merci', ''),
(572, 'FR', 'Lettre Demande', ''),
(573, 'FR', 'Lettre Avis', ''),
(574, 'FR', 'Lettre Réponse', ''),
(575, 'FR', 'Lettre PontS', ''),
(576, 'FR', 'Lettre PontY', ''),
(577, 'FR', 'Lettre PontF', ''),
(578, 'FR', 'Lettre PontH', ''),
(579, 'FR', 'Lettre PontI', ''),
(580, 'FR', 'Bel''Écaille', ''),
(581, 'FR', 'Évoluroc', ''),
(582, 'FR', 'Pierrallégée', ''),
(583, 'FR', 'Casque Brut', ''),
(584, 'FR', 'Ballon', ''),
(585, 'FR', 'Carton Rouge', ''),
(586, 'FR', 'Point de Mire', ''),
(587, 'FR', 'Bande Étreinte', ''),
(588, 'FR', 'Bulbe', ''),
(589, 'FR', 'Pile', ''),
(590, 'FR', 'Bouton Fuite', ''),
(591, 'FR', 'Joyau Feu', ''),
(592, 'FR', 'Joyau Eau', ''),
(593, 'FR', 'Joyau Électrik', ''),
(594, 'FR', 'Joyau Plante', ''),
(595, 'FR', 'Joyau Glace', ''),
(596, 'FR', 'Joyau Combat', ''),
(597, 'FR', 'Joyau Poison', ''),
(598, 'FR', 'Joyau Sol', ''),
(599, 'FR', 'Joyau Vol', ''),
(600, 'FR', 'Joyau Psy', ''),
(601, 'FR', 'Joyau Insecte', ''),
(602, 'FR', 'Joyau Roche', ''),
(603, 'FR', 'Joyau Spectre', ''),
(604, 'FR', 'Joyau Ténèbres', ''),
(605, 'FR', 'Joyau Acier', ''),
(606, 'FR', 'Aile Santé', ''),
(607, 'FR', 'Aile Force', ''),
(608, 'FR', 'Aile Armure', ''),
(609, 'FR', 'Aile Esprit', ''),
(610, 'FR', 'Aile Mental', ''),
(611, 'FR', 'Aile Sprint', ''),
(612, 'FR', 'Jolie Aile', ''),
(613, 'FR', 'Fossile Plaque', ''),
(614, 'FR', 'Fossile Plume', ''),
(615, 'FR', 'Pass Liberté', ''),
(616, 'FR', 'Offrisphère', ''),
(617, 'FR', 'Rêve Ball', ''),
(618, 'FR', 'Poképlumet', ''),
(619, 'FR', 'Boîte Parure', ''),
(620, 'FR', 'Crâne Dragon', ''),
(621, 'FR', 'Champi Suave', ''),
(622, 'FR', 'Maxi Pépite', ''),
(623, 'FR', 'Perle Triple', ''),
(624, 'FR', 'Morceau Comète', ''),
(625, 'FR', 'Vieux Sou', ''),
(626, 'FR', 'Vieil Écu', ''),
(627, 'FR', 'Vieux Ducat', ''),
(628, 'FR', 'Vieux Vase', ''),
(629, 'FR', 'Vieux Bijou', ''),
(630, 'FR', 'Vieux Santon', ''),
(631, 'FR', 'Vieux Tortil', ''),
(632, 'FR', 'Glace Volute', ''),
(633, 'FR', 'Muscle 2', ''),
(634, 'FR', 'Vitesse 2', ''),
(635, 'FR', 'Atq. Spé. 2', ''),
(636, 'FR', 'Déf. Spé. 2', ''),
(637, 'FR', 'Défense 2', ''),
(638, 'FR', 'Attaque 2', ''),
(639, 'FR', 'Précision 2', ''),
(640, 'FR', 'Vitesse 3', ''),
(641, 'FR', 'Atq. Spé. 3', ''),
(642, 'FR', 'Déf. Spé. 3', ''),
(643, 'FR', 'Défense 3', ''),
(644, 'FR', 'Attaque 3', ''),
(645, 'FR', 'Précision 3', ''),
(646, 'FR', 'Vitesse 6', ''),
(647, 'FR', 'Atq. Spé. 6', ''),
(648, 'FR', 'Déf. Spé. 6', ''),
(649, 'FR', 'Défense 6', ''),
(650, 'FR', 'Attaque 6', ''),
(651, 'FR', 'Précision 6', ''),
(652, 'FR', 'Appel Talent', ''),
(653, 'FR', 'Jette Objet', ''),
(654, 'FR', 'Appel Objet', ''),
(655, 'FR', 'Réamorçage', ''),
(656, 'FR', 'Muscle 3', ''),
(657, 'FR', 'Galet Blanc', ''),
(658, 'FR', 'Galet Noir', ''),
(659, 'FR', 'CT93', ''),
(660, 'FR', 'CT94', ''),
(661, 'FR', 'CT95', ''),
(662, 'FR', 'Vokit', ''),
(663, 'FR', 'Pierre de dieu', ''),
(664, 'FR', 'Courrier 1', ''),
(665, 'FR', 'Courrier 2', ''),
(666, 'FR', 'Courrier 3', ''),
(668, 'FR', 'Joyau Dragon', ''),
(669, 'FR', 'Joyau Normal', ''),
(670, 'FR', 'Boîte Médailles', ''),
(671, 'FR', 'Pointeau ADN', ''),
(673, 'FR', 'Permis', ''),
(674, 'FR', 'Charme Ovale', ''),
(675, 'FR', 'Charme Chroma', ''),
(676, 'FR', 'Carte Plasma', ''),
(677, 'FR', 'Mouchoir Sale', ''),
(678, 'FR', 'Nikodule', ''),
(679, 'FR', 'Objet Trouvé', ''),
(681, 'FR', 'Miroir Sacré', ''),
(682, 'FR', 'Vulné-Assurance', ''),
(683, 'FR', 'Veste de Combat', ''),
(684, 'FR', 'Plaque Pixie', ''),
(685, 'FR', 'Pilule Talent', ''),
(686, 'FR', 'Chantibonbon', ''),
(687, 'FR', 'Sachet Senteur', ''),
(688, 'FR', 'Lichen Lumineux', ''),
(689, 'FR', 'Boule de Neige', ''),
(690, 'FR', 'Lunettes Filtre', ''),
(691, 'FR', 'Fertibondance', ''),
(692, 'FR', 'Fertistantané', ''),
(693, 'FR', 'Fertibérance', ''),
(694, 'FR', 'Fertiprodige', ''),
(695, 'FR', 'Ectoplasmite', ''),
(696, 'FR', 'Gardevoirite', ''),
(697, 'FR', 'Pharampite', ''),
(698, 'FR', 'Florizarrite', ''),
(699, 'FR', 'Dracaufite X', ''),
(700, 'FR', 'Tortankite', ''),
(701, 'FR', 'Mewtwoïte X', ''),
(702, 'FR', 'Mewtwoïte Y', ''),
(703, 'FR', 'Braségalite', ''),
(704, 'FR', 'Charminite', ''),
(705, 'FR', 'Démolossite', ''),
(706, 'FR', 'Galekingite', ''),
(707, 'FR', 'Branettite', ''),
(708, 'FR', 'Tyranocivite', ''),
(709, 'FR', 'Cizayoxite', ''),
(710, 'FR', 'Scarabruite', ''),
(711, 'FR', 'Ptéraïte', ''),
(712, 'FR', 'Lucarite', ''),
(713, 'FR', 'Blizzarite', ''),
(714, 'FR', 'Kangourexite', ''),
(715, 'FR', 'Léviatorite', ''),
(716, 'FR', 'Absolite', ''),
(717, 'FR', 'Dracaufite Y', ''),
(718, 'FR', 'Alakazamite', ''),
(719, 'FR', 'Scarhinoïte', ''),
(720, 'FR', 'Mysdibulite', ''),
(721, 'FR', 'Élecsprintite', ''),
(722, 'FR', 'Carchacrokite', ''),
(723, 'FR', 'Baie Selro', ''),
(724, 'FR', 'Baie Éka', ''),
(725, 'FR', 'Baie Rangma', ''),
(726, 'FR', 'Bon Réduction', ''),
(727, 'FR', 'Bibelot Bizarre', ''),
(728, 'FR', 'Galette Illumis', ''),
(729, 'FR', 'Fossile Mâchoire', ''),
(730, 'FR', 'Fossile Nageoire', ''),
(731, 'FR', 'Joyau Fée', ''),
(732, 'FR', 'ABC Aventure', ''),
(733, 'FR', 'Clé Ascenseur', ''),
(734, 'FR', 'Holokit', ''),
(735, 'FR', 'Insigne de Kalos', ''),
(736, 'FR', 'Pierre Insolite', ''),
(737, 'FR', 'Boîte Lentilles', ''),
(738, 'FR', 'Ticket Beladonis', ''),
(739, 'FR', 'Méga-Anneau', ''),
(740, 'FR', 'Passe Centrale', ''),
(741, 'FR', 'Lettre du Prof', ''),
(742, 'FR', 'Rollers', ''),
(743, 'FR', 'Nénurrosoir', ''),
(744, 'FR', 'Passe TMV', ''),
(745, 'FR', 'CT96', ''),
(746, 'FR', 'CT97', ''),
(747, 'FR', 'CT98', ''),
(748, 'FR', 'CT99', ''),
(749, 'FR', 'CT100', '');

-- Berries information
CREATE TABLE IF NOT EXISTS `berries` (
 `id` int(4) unsigned NOT NULL PRIMARY KEY COMMENT 'Item ID (Primary key)',
 `size` int(3) unsigned NOT NULL COMMENT 'Size of the berry',
 `max_harvest` int(2) unsigned NOT NULL COMMENT 'Maximum number of harvest berries in one field',
 `growth_time` int(3) unsigned NOT NULL COMMENT 'Time for a berry to grow (in hours)',
 `soil_dryness` int(2) unsigned NOT NULL COMMENT 'Soil dryness needed for the berry',
 `smoothness` int(2) unsigned NOT NULL COMMENT 'Berry smoothness',
 CONSTRAINT FK_ITEM_FOR_BERRY FOREIGN KEY (id) REFERENCES items(id) ON DELETE CASCADE ON UPDATE CASCADE
) ENGINE=InnoDB DEFAULT CHARSET=utf8;

INSERT INTO `berries` (`id`, `size`, `max_harvest`, `growth_time`, `soil_dryness`, `smoothness`) VALUES
(126, 20, 5, 3, 15, 25),
(127, 80, 5, 3, 15, 25),
(128, 40, 5, 3, 15, 25),
(129, 32, 5, 3, 15, 25),
(130, 50, 5, 3, 15, 25),
(131, 28, 5, 4, 15, 20),
(132, 35, 5, 4, 15, 20),
(133, 47, 5, 4, 15, 20),
(134, 34, 5, 12, 8, 20),
(135, 95, 5, 8, 7, 20),
(136, 100, 5, 5, 10, 25),
(137, 115, 5, 5, 10, 25),
(138, 126, 5, 5, 10, 25),
(139, 64, 5, 5, 10, 25),
(140, 223, 5, 5, 10, 25),
(141, 120, 10, 2, 35, 20),
(142, 108, 10, 2, 35, 20),
(143, 77, 10, 2, 35, 20),
(144, 74, 10, 2, 35, 20),
(145, 80, 10, 2, 35, 20),
(146, 135, 5, 8, 8, 20),
(147, 150, 5, 8, 8, 20),
(148, 110, 5, 8, 8, 20),
(149, 162, 5, 8, 8, 20),
(150, 149, 5, 8, 8, 20),
(151, 200, 5, 8, 8, 30),
(152, 75, 10, 6, 10, 30),
(153, 140, 10, 6, 10, 30),
(154, 226, 10, 6, 10, 30),
(155, 285, 10, 6, 10, 30),
(156, 133, 15, 15, 8, 35),
(157, 244, 15, 15, 8, 35),
(158, 250, 15, 15, 8, 35),
(159, 280, 15, 15, 8, 35),
(160, 300, 15, 15, 8, 35),
(161, 90, 5, 18, 6, 30),
(162, 33, 5, 18, 6, 30),
(163, 250, 5, 18, 6, 30),
(164, 156, 5, 18, 6, 30),
(165, 135, 5, 18, 6, 30),
(166, 77, 5, 18, 6, 30),
(167, 90, 5, 18, 6, 30),
(168, 42, 5, 18, 6, 30),
(169, 278, 5, 18, 6, 30),
(170, 252, 5, 18, 6, 30),
(171, 42, 5, 18, 6, 35),
(172, 28, 5, 18, 6, 35),
(173, 144, 5, 18, 6, 35),
(174, 23, 5, 18, 6, 35),
(175, 39, 5, 18, 6, 35),
(176, 265, 5, 18, 6, 35),
(177, 34, 5, 18, 6, 35),
(178, 111, 5, 24, 4, 40),
(179, 33, 5, 24, 4, 40),
(180, 95, 5, 24, 4, 40),
(181, 237, 5, 24, 4, 40),
(182, 75, 5, 24, 4, 40),
(183, 97, 5, 24, 4, 50),
(184, 153, 5, 24, 4, 50),
(185, 155, 5, 24, 7, 60),
(186, 41, 5, 24, 7, 60),
(187, 267, 5, 24, 7, 60),
(188, 33, 5, 24, 7, 60),
(189, 52, 5, 24, 7, 60);

-- Item flags
CREATE TABLE IF NOT EXISTS `item_flags` (
 `id` int(2) unsigned NOT NULL AUTO_INCREMENT PRIMARY KEY COMMENT 'Item flag ID (Primary key)'
) ENGINE=InnoDB DEFAULT CHARSET=utf8 AUTO_INCREMENT=1;

INSERT INTO `item_flags` (`id`) VALUES (1), (2), (3), (4), (5), (6), (7);

CREATE TABLE IF NOT EXISTS `item_flags_translation` (
 `languages_id` char(2) NOT NULL COMMENT 'Language ID (Foreign)',
 `item_flags_id` int(2) unsigned NOT NULL COMMENT 'Items flag ID (Foreign)',
 `name` varchar(255) NOT NULL COMMENT 'Name of the item flag',
 `description` text NOT NULL COMMENT 'Description of the item flag',
 CONSTRAINT FK_ITEM_FLAGS FOREIGN KEY (item_flags_id) REFERENCES item_flags(id) ON DELETE CASCADE ON UPDATE CASCADE,
 CONSTRAINT FK_ITEM_FLAGS_LANGUAGE FOREIGN KEY (languages_id) REFERENCES languages(id) ON DELETE CASCADE ON UPDATE CASCADE,
 PRIMARY KEY (languages_id, item_flags_id)
) ENGINE=InnoDB DEFAULT CHARSET=utf8 AUTO_INCREMENT=1;

INSERT INTO `item_flags_translation` (`item_flags_id`, `languages_id`, `name`, `description`) VALUES
 (1, 'FR', 'Dénombrable', 'Peut avoir plus d\'un objet de ce type dans le sac'),
 (2, 'FR', 'Consommable', 'Consommé quand utilisé'),
 (3, 'FR', 'Utilisable hors carte', 'Utilisable hors carte'),
 (4, 'FR', 'Utilisable en bataille', 'Utilisable en bataille'),
 (5, 'FR', 'Pouvant être tenu', 'Peut être tenu par un Pokémon'),
 (6, 'FR', 'Pouvant être tenu passivement', 'Aucun effet quand tenu'),
 (7, 'FR', 'Pouvant être tenu activement', 'Utilisable par un Pokémon lorsqu\'il est tenu'),
 (1, 'EN', 'Countable', 'Has a count in the bag'),
 (2, 'EN', 'Consumable', 'Consumed when used'),
 (3, 'EN', 'Usable overworld', 'Usable outside battle'),
 (4, 'EN', 'Usable in battle', 'Usable in battle'),
 (5, 'EN', 'Holdable', 'Can be held by a Pokémon'),
 (6, 'EN', 'Holdable passive', 'Works passively when held'),
 (7, 'EN', 'Holdable active', 'Usable by a Pokémon when held');

CREATE TABLE IF NOT EXISTS `items_flags_map` (
 `item_id` int(4) unsigned NOT NULL COMMENT 'Item ID (Foreign)',
 `item_flag_id` int(2) unsigned NOT NULL COMMENT 'Item flag ID (Foreign)',
 CONSTRAINT FK_ITEM_FOR_FLAGS_MAP FOREIGN KEY (item_id) REFERENCES items(id) ON DELETE CASCADE ON UPDATE CASCADE,
 CONSTRAINT FK_ID_FOR_FLAGS_MAP FOREIGN KEY (item_flag_id) REFERENCES item_flags(id) ON DELETE CASCADE ON UPDATE CASCADE,
 PRIMARY KEY (item_id, item_flag_id) 
) ENGINE=InnoDB DEFAULT CHARSET=utf8 AUTO_INCREMENT=1;

INSERT INTO `items_flags_map` (`item_id`, `item_flag_id`) VALUES (1, 1), (1, 2), (1, 4), (1, 5), (2, 1), (2, 2), (2, 4), (2, 5), (3, 1), (3, 2), (3, 4), (3, 5), (4, 1), (4, 2), (4, 4), (4, 5), (5, 1), (5, 2), (5, 4), (5, 5), (6, 1), (6, 2), (6, 4), (6, 5), (7, 1), (7, 2), (7, 4), (7, 5), (8, 1), (8, 2), (8, 4), (8, 5), (9, 1), (9, 2), (9, 4), (9, 5), (10, 1), (10, 2), (10, 4), (10, 5), (11, 1), (11, 2), (11, 4), (11, 5), (12, 1), (12, 2), (12, 4), (12, 5), (13, 1), (13, 2), (13, 4), (13, 5), (14, 1), (14, 2), (14, 4), (14, 5), (15, 1), (15, 2), (15, 4), (15, 5), (16, 1), (16, 2), (16, 4), (16, 5), (17, 1), (17, 2), (17, 3), (17, 4), (17, 5), (18, 1), (18, 2), (18, 3), (18, 4), (18, 5), (19, 1), (19, 2), (19, 3), (19, 4), (19, 5), (20, 1), (20, 2), (20, 3), (20, 4), (20, 5), (21, 1), (21, 2), (21, 3), (21, 4), (21, 5), (22, 1), (22, 2), (22, 3), (22, 4), (22, 5), (23, 1), (23, 2), (23, 3), (23, 4), (23, 5), (24, 1), (24, 2), (24, 3), (24, 4), (24, 5), (25, 1), (25, 2), (25, 3), (25, 4), (25, 5), (26, 1), (26, 2), (26, 3), (26, 4), (26, 5), (27, 1), (27, 2), (27, 3), (27, 4), (27, 5), (28, 1), (28, 2), (28, 3), (28, 4), (28, 5), (29, 1), (29, 2), (29, 3), (29, 4), (29, 5), (30, 1), (30, 2), (30, 3), (30, 4), (30, 5), (31, 1), (31, 2), (31, 3), (31, 4), (31, 5), (32, 1), (32, 2), (32, 3), (32, 4), (32, 5), (33, 1), (33, 2), (33, 3), (33, 4), (33, 5), (34, 1), (34, 2), (34, 3), (34, 4), (34, 5), (35, 1), (35, 2), (35, 3), (35, 4), (35, 5), (36, 1), (36, 2), (36, 3), (36, 4), (36, 5), (37, 1), (37, 2), (37, 3), (37, 4), (37, 5), (38, 1), (38, 2), (38, 3), (38, 4), (38, 5), (39, 1), (39, 2), (39, 3), (39, 4), (39, 5), (40, 1), (40, 2), (40, 3), (40, 4), (40, 5), (41, 1), (41, 2), (41, 3), (41, 4), (41, 5), (42, 1), (42, 2), (42, 3), (42, 4), (42, 5), (43, 1), (43, 2), (43, 3), (43, 4), (43, 5), (44, 1), (44, 2), (44, 3), (44, 4), (44, 5), (45, 1), (45, 2), (45, 3), (45, 4), (45, 5), (46, 1), (46, 2), (46, 3), (46, 4), (46, 5), (47, 1), (47, 2), (47, 3), (47, 4), (47, 5), (48, 1), (48, 2), (48, 3), (48, 4), (48, 5), (49, 1), (49, 2), (49, 3), (49, 4), (49, 5), (50, 1), (50, 2), (50, 3), (50, 4), (50, 5), (51, 1), (51, 2), (51, 3), (51, 4), (51, 5), (52, 1), (52, 2), (52, 3), (52, 4), (52, 5), (53, 1), (53, 2), (53, 3), (53, 4), (53, 5), (54, 1), (54, 2), (54, 3), (54, 4), (54, 5), (55, 1), (55, 2), (55, 4), (55, 5), (56, 1), (56, 2), (56, 4), (56, 5), (57, 1), (57, 2), (57, 4), (57, 5), (58, 1), (58, 2), (58, 4), (58, 5), (59, 1), (59, 2), (59, 4), (59, 5), (60, 1), (60, 2), (60, 4), (60, 5), (61, 1), (61, 2), (61, 4), (61, 5), (62, 1), (62, 2), (62, 4), (62, 5), (63, 1), (63, 2), (63, 4), (63, 5), (64, 1), (64, 2), (64, 4), (64, 5), (65, 1), (65, 2), (65, 3), (65, 4), (65, 5), (66, 1), (66, 2), (66, 4), (66, 5), (67, 1), (67, 2), (67, 4), (67, 5), (68, 1), (68, 2), (68, 3), (68, 5), (69, 1), (69, 2), (69, 3), (69, 5), (70, 1), (71, 1), (112, 5), (113, 5), (126, 7), (127, 7), (128, 7), (129, 7), (130, 7), (131, 7), (132, 7), (133, 7), (134, 7), (135, 7), (136, 7), (137, 7), (138, 7), (139, 7), (140, 7), (161, 7), (162, 7), (163, 7), (164, 7), (165, 7), (166, 7), (167, 7), (168, 7), (169, 7), (170, 7), (171, 7), (172, 7), (173, 7), (174, 7), (175, 7), (176, 7), (177, 7), (178, 7), (179, 7), (180, 7), (181, 7), (182, 7), (183, 7), (184, 7), (185, 7), (186, 7), (187, 7), (188, 7), (189, 7), (190, 5), (190, 7), (191, 5), (191, 7), (192, 5), (192, 7), (193, 5), (193, 7), (194, 5), (194, 7), (195, 5), (195, 7), (196, 5), (196, 7), (197, 5), (197, 7), (198, 5), (198, 7), (199, 5), (199, 7), (200, 5), (200, 7), (201, 5), (202, 5), (203, 5), (204, 5), (205, 5), (205, 7), (206, 5), (206, 7), (207, 5), (207, 7), (208, 5), (208, 7), (209, 5), (209, 7), (210, 5), (210, 7), (211, 5), (211, 7), (213, 5), (214, 5), (214, 7), (215, 5), (215, 7), (216, 5), (216, 7), (217, 5), (217, 7), (218, 5), (218, 7), (219, 5), (219, 7), (220, 5), (220, 7), (221, 5), (221, 7), (222, 5), (222, 7), (223, 5), (223, 7), (224, 5), (224, 7), (225, 5), (225, 7), (226, 5), (226, 7), (227, 5), (227, 7), (228, 5), (228, 7), (230, 5), (230, 7), (231, 5), (231, 7), (232, 5), (232, 7), (233, 5), (234, 5), (235, 5), (236, 5), (237, 7), (238, 7), (239, 7), (240, 7), (241, 7), (242, 5), (242, 7), (243, 5), (243, 7), (244, 5), (244, 7), (245, 5), (245, 7), (246, 5), (246, 7), (247, 5), (247, 7), (248, 5), (248, 7), (249, 5), (249, 7), (250, 5), (250, 7), (251, 5), (252, 5), (252, 7), (253, 5), (253, 7), (254, 5), (254, 7), (255, 5), (255, 7), (256, 5), (256, 7), (257, 5), (257, 7), (258, 5), (258, 7), (259, 5), (259, 7), (260, 5), (260, 7), (261, 5), (261, 7), (262, 5), (262, 7), (263, 5), (263, 7), (264, 5), (264, 7), (265, 5), (265, 7), (266, 5), (266, 7), (267, 5), (267, 7), (268, 5), (268, 7), (269, 5), (269, 7), (270, 5), (270, 7), (271, 5), (271, 7), (272, 5), (272, 7), (273, 5), (273, 7), (274, 5), (274, 7), (275, 5), (275, 7), (276, 5), (276, 7), (277, 5), (277, 7), (278, 5), (278, 7), (279, 5), (279, 7), (280, 5), (280, 7), (281, 5), (281, 7), (282, 5), (282, 7), (283, 5), (283, 7), (284, 5), (284, 7), (285, 5), (285, 7), (286, 5), (286, 7), (287, 5), (287, 7), (288, 5), (288, 7), (289, 5), (289, 7), (290, 5), (290, 7), (291, 5), (291, 7), (292, 5), (292, 7), (293, 5), (293, 7), (294, 5), (294, 7), (295, 5), (295, 7), (296, 5), (296, 7), (297, 5), (303, 5), (303, 7), (304, 5), (304, 7);

-- Link TM/HMs with attack
CREATE TABLE IF NOT EXISTS `items_attacks_map` (
 `attack_id` int(4) unsigned NOT NULL COMMENT 'Attack ID (Foreign)',
 `item_id` int(4) unsigned NOT NULL COMMENT 'Item ID (Foreign)',
 CONSTRAINT FK_ITEM_FOR_ITEM_ATTACK_MAP FOREIGN KEY (item_id) REFERENCES items(id) ON DELETE CASCADE ON UPDATE CASCADE,
 CONSTRAINT FK_ATTACK_FOR_ITEM_ATTACK_MAP FOREIGN KEY (attack_id) REFERENCES attacks(id) ON DELETE CASCADE ON UPDATE CASCADE,
 PRIMARY KEY (attack_id, item_id)
) ENGINE=MyISAM DEFAULT CHARSET=utf8 AUTO_INCREMENT=1 ;

-- Add HMs
INSERT INTO `items_attacks_map` (`item_id`, `attack_id`) VALUES (397, 15), (398, 19), (399, 57), (400, 70), (401, 148), (402, 250), (403, 127), (404, 291);

-- Add TMs
INSERT INTO `items_attacks_map` (`item_id`, `attack_id`) VALUES (305, 264), (306, 337), (307, 352), (308, 347), (309, 46), (310, 92), (311, 258), (312, 339), (313, 331), (314, 237), (315, 241), (316, 269), (317, 58), (318, 59), (319, 63), (320, 113), (321, 182), (322, 240), (323, 202), (324, 219), (325, 218), (326, 76), (327, 231), (328, 85), (329, 87), (330, 89), (331, 216), (332, 91), (333, 94), (334, 247), (335, 280), (336, 104), (337, 115), (338, 482), (339, 53), (340, 188), (341, 201), (342, 126), (343, 317), (344, 332), (345, 259), (346, 263), (347, 290), (348, 156), (349, 213), (350, 168), (351, 211), (352, 285), (353, 289), (354, 315), (355, 355), (356, 411), (357, 412), (358, 206), (359, 362), (360, 374), (361, 451), (362, 203), (363, 406), (364, 409), (365, 261), (366, 318), (367, 373), (368, 153), (369, 421), (370, 371), (371, 278), (372, 416), (373, 397), (374, 148), (375, 444), (376, 419), (377, 86), (378, 360), (379, 14), (380, 446), (381, 244), (382, 445), (383, 524), (384, 157), (385, 404), (386, 525), (387, 526), (388, 398), (389, 138), (390, 447), (391, 207), (392, 365), (393, 369), (394, 164), (395, 430), (396, 433), (659, 528), (660, 249), (661, 555), (745, 267), (746, 399), (747, 612), (748, 605), (749, 590);

COMMIT;
